Data_Transacao,Marca,Categoria,Unidades_Vendidas,Receita_Bruta,Descontos,Receita_Liquida,Gasto_Marketing,Desconto_Promocao_Pct,Aumento_Vendas_Pct
2020-11-24,Schweppes,Refrigerante,235,145.7,7.28,138.42,628.17,5.0,4.04
2023-01-12,Coca-Cola Diet,Refrigerante,448,277.76,0.0,277.76,3918.46,0.0,22.37
2020-02-29,Fanta,Refrigerante,559,343.11,0.0,343.11,4809.49,0.0,26.8
2024-06-23,Coca-Cola Diet,Refrigerante,397,246.14,0.0,246.14,2578.71,0.0,15.63
2019-08-13,Coca-Cola Classica,Refrigerante,452,285.84,0.0,285.84,4279.57,0.0,23.67
2025-02-23,Coca-Cola Diet,Refrigerante,147,91.14,0.0,91.14,0.0,0.0,0.59
2025-10-17,Dasani,Agua,103,35.02,1.75,33.27,0.0,5.0,0.46
2021-02-01,Schweppes,Refrigerante,238,147.56,7.38,140.18,876.47,5.0,4.68
2018-04-15,Coca-Cola Classica,Refrigerante,375,237.15,11.86,225.29,2599.73,5.0,13.5
2024-02-12,Powerade,Bebida Esportiva,306,265.79,0.0,265.79,1560.64,0.0,11.9
2025-11-27,Powerade,Bebida Esportiva,232,201.52,0.0,201.52,0.0,0.0,0.0
2025-10-30,Coca-Cola Classica,Refrigerante,354,223.87,0.0,223.87,2066.03,0.0,10.36
2020-06-06,Dasani,Agua,389,132.26,6.61,125.65,3828.28,5.0,21.71
2022-06-25,Coca-Cola Classica,Refrigerante,536,338.97,33.9,305.07,4370.31,10.0,24.41
2025-05-23,Powerade,Bebida Esportiva,278,241.47,0.0,241.47,751.6,0.0,2.03
2024-09-15,Dasani,Agua,97,32.98,1.65,31.33,248.09,5.0,3.05
2023-12-02,Powerade,Bebida Esportiva,420,364.81,0.0,364.81,2675.54,0.0,14.57
2019-11-15,Schweppes,Refrigerante,521,323.02,0.0,323.02,4860.68,0.0,25.07
2023-04-22,Coca-Cola Diet,Refrigerante,255,158.1,0.0,158.1,702.43,0.0,5.65
2020-01-19,Sprite,Refrigerante,190,115.44,0.0,115.44,150.4,0.0,1.77
2022-09-17,Sprite,Refrigerante,322,195.65,9.78,185.87,1950.2,5.0,8.83
2023-06-12,Monster,Energetico,223,307.78,30.78,277.0,0.0,10.0,2.67
2024-09-27,Powerade,Bebida Esportiva,565,490.76,0.0,490.76,4327.54,0.0,24.79
2020-03-06,Sprite,Refrigerante,176,106.94,5.35,101.59,0.0,5.0,0.0
2018-12-02,Coca-Cola Zero,Refrigerante,169,105.83,5.29,100.54,0.0,5.0,2.39
2022-04-24,Sprite,Refrigerante,404,245.47,24.55,220.92,3101.1,10.0,17.29
2024-01-23,Minute Maid,Suco,526,378.72,18.94,359.78,4974.19,5.0,27.32
2023-04-15,Schweppes,Refrigerante,408,252.96,0.0,252.96,2918.5,0.0,15.06
2024-03-11,Coca-Cola Zero,Refrigerante,425,266.14,13.31,252.83,3129.32,5.0,18.08
2018-09-02,Powerade,Bebida Esportiva,569,494.23,0.0,494.23,4639.35,0.0,26.23
2018-11-14,Minute Maid,Suco,482,347.04,34.7,312.34,3850.61,10.0,21.2
2018-03-20,Powerade,Bebida Esportiva,232,201.52,0.0,201.52,427.23,0.0,1.16
2023-01-08,Sprite,Refrigerante,464,281.93,14.1,267.83,3955.79,5.0,21.95
2018-10-08,Powerade,Bebida Esportiva,354,307.48,0.0,307.48,2193.44,0.0,11.96
2022-11-21,Sprite,Refrigerante,195,118.48,0.0,118.48,0.0,0.0,0.0
2018-04-05,Powerade,Bebida Esportiva,376,326.59,32.66,293.93,1830.62,10.0,7.86
2023-06-13,Powerade,Bebida Esportiva,207,179.8,8.99,170.81,0.0,5.0,0.85
2025-08-18,Coca-Cola Diet,Refrigerante,260,161.2,0.0,161.2,1341.1,0.0,3.47
2020-10-23,Coca-Cola Zero,Refrigerante,159,99.57,9.96,89.61,0.0,10.0,0.31
2025-01-14,Dasani,Agua,116,39.44,3.94,35.5,0.0,10.0,0.0
2023-07-13,Coca-Cola Zero,Refrigerante,295,184.73,0.0,184.73,1289.23,0.0,9.05
2024-10-03,Dasani,Agua,328,111.52,5.58,105.94,2853.28,5.0,14.95
2025-11-08,Coca-Cola Diet,Refrigerante,163,101.06,5.05,96.01,0.0,5.0,0.99
2018-06-14,Fanta,Refrigerante,371,227.72,11.39,216.33,2463.06,5.0,12.95
2023-11-07,Sprite,Refrigerante,258,156.76,0.0,156.76,996.6,0.0,5.65
2019-04-05,Minute Maid,Suco,324,233.28,0.0,233.28,2384.02,0.0,14.22
2023-01-27,Minute Maid,Suco,412,296.64,29.66,266.98,3337.88,10.0,17.66
2023-05-23,Coca-Cola Zero,Refrigerante,406,254.24,25.42,228.82,2944.86,10.0,17.69
2018-04-13,Minute Maid,Suco,261,187.92,18.79,169.13,1385.96,10.0,6.13
2022-05-15,Coca-Cola Zero,Refrigerante,193,120.86,12.09,108.77,145.06,10.0,1.24
2018-02-02,Coca-Cola Zero,Refrigerante,205,128.37,6.42,121.95,232.92,5.0,2.67
2021-06-23,Coca-Cola Diet,Refrigerante,533,330.46,16.52,313.94,4501.13,5.0,25.75
2025-04-12,Dasani,Agua,332,112.88,5.64,107.24,3580.67,5.0,22.57
2024-01-16,Schweppes,Refrigerante,337,208.94,10.45,198.49,2203.01,5.0,10.97
2023-11-10,Powerade,Bebida Esportiva,505,438.64,21.93,416.71,4091.38,5.0,20.43
2019-04-15,Coca-Cola Classica,Refrigerante,311,196.68,0.0,196.68,1965.52,0.0,9.32
2020-10-12,Minute Maid,Suco,284,204.48,10.22,194.26,2017.85,5.0,12.09
2018-09-18,Coca-Cola Zero,Refrigerante,575,360.06,0.0,360.06,4774.62,0.0,27.01
2023-04-18,Coca-Cola Classica,Refrigerante,186,117.63,0.0,117.63,363.01,0.0,2.15
2022-02-21,Powerade,Bebida Esportiva,526,456.88,22.84,434.04,3887.95,5.0,19.7
2023-11-22,Dasani,Agua,357,121.38,0.0,121.38,3990.3,0.0,23.1
2023-05-21,Coca-Cola Diet,Refrigerante,235,145.7,0.0,145.7,843.37,0.0,2.8
2023-10-28,Schweppes,Refrigerante,184,114.08,11.41,102.67,0.0,10.0,1.74
2018-01-10,Coca-Cola Diet,Refrigerante,440,272.8,27.28,245.52,3274.75,10.0,22.3
2021-11-13,Minute Maid,Suco,158,113.76,0.0,113.76,0.0,0.0,0.55
2021-03-02,Coca-Cola Classica,Refrigerante,200,126.48,0.0,126.48,0.0,0.0,0.87
2019-02-18,Coca-Cola Zero,Refrigerante,428,268.01,0.0,268.01,3421.64,0.0,18.08
2025-11-06,Monster,Energetico,228,314.69,15.73,298.96,0.0,5.0,0.0
2024-04-18,Minute Maid,Suco,423,304.56,30.46,274.1,3490.09,10.0,18.29
2025-10-28,Dasani,Agua,305,103.7,0.0,103.7,2803.13,0.0,13.78
2018-12-09,Powerade,Bebida Esportiva,524,455.15,22.76,432.39,4608.71,5.0,23.18
2019-09-01,Coca-Cola Classica,Refrigerante,162,102.45,0.0,102.45,132.41,0.0,3.31
2021-03-01,Dasani,Agua,383,130.22,0.0,130.22,4076.79,0.0,22.83
2021-04-23,Schweppes,Refrigerante,192,119.04,11.9,107.14,0.0,10.0,0.57
2021-10-03,Coca-Cola Zero,Refrigerante,360,225.43,0.0,225.43,2358.51,0.0,12.51
2020-01-05,Coca-Cola Diet,Refrigerante,268,166.16,0.0,166.16,942.25,0.0,4.92
2024-05-04,Fanta,Refrigerante,360,220.97,0.0,220.97,2537.64,0.0,15.4
2019-02-06,Coca-Cola Classica,Refrigerante,184,116.36,5.82,110.54,0.0,5.0,0.0
2025-06-28,Sprite,Refrigerante,274,166.48,16.65,149.83,1042.0,10.0,6.53
2020-12-22,Monster,Energetico,545,752.21,75.22,676.99,4163.91,10.0,22.61
2019-03-25,Dasani,Agua,472,160.48,0.0,160.48,4806.61,0.0,25.92
2019-09-29,Powerade,Bebida Esportiva,562,488.15,0.0,488.15,4916.28,0.0,24.93
2022-01-08,Powerade,Bebida Esportiva,201,174.59,8.73,165.86,0.0,5.0,0.0
2019-07-10,Coca-Cola Diet,Refrigerante,170,105.4,0.0,105.4,0.0,0.0,0.0
2021-09-17,Schweppes,Refrigerante,472,292.64,29.26,263.38,4296.86,10.0,23.72
2021-06-05,Monster,Energetico,252,347.81,17.39,330.42,0.0,5.0,0.0
2022-08-18,Fanta,Refrigerante,501,307.51,0.0,307.51,4432.15,0.0,24.33
2020-12-01,Coca-Cola Diet,Refrigerante,388,240.56,24.06,216.5,2763.71,10.0,15.28
2024-02-19,Sprite,Refrigerante,428,260.05,0.0,260.05,3146.68,0.0,14.07
2018-09-11,Schweppes,Refrigerante,336,208.32,0.0,208.32,1925.55,0.0,9.22
2018-08-07,Dasani,Agua,177,60.18,3.01,57.17,801.45,5.0,5.02
2018-03-03,Coca-Cola Diet,Refrigerante,178,110.36,5.52,104.84,0.0,5.0,0.58
2019-08-04,Minute Maid,Suco,129,92.88,4.64,88.24,0.0,5.0,0.0
2023-08-25,Coca-Cola Zero,Refrigerante,178,111.46,5.57,105.89,0.0,5.0,0.24
2021-04-06,Fanta,Refrigerante,138,84.7,8.47,76.23,0.0,10.0,1.53
2023-02-05,Dasani,Agua,96,32.64,3.26,29.38,422.43,10.0,3.49
2021-01-31,Coca-Cola Diet,Refrigerante,147,91.14,4.56,86.58,0.0,5.0,0.0
2025-03-24,Fanta,Refrigerante,441,270.69,0.0,270.69,3808.39,0.0,20.24
2025-04-28,Coca-Cola Classica,Refrigerante,547,345.92,17.3,328.62,4762.17,5.0,25.25
2022-06-18,Coca-Cola Zero,Refrigerante,382,239.21,23.92,215.29,2989.49,10.0,17.14
2020-03-11,Coca-Cola Zero,Refrigerante,257,160.93,0.0,160.93,1156.85,0.0,6.66
2018-04-09,Coca-Cola Zero,Refrigerante,319,199.76,9.99,189.77,1425.99,5.0,8.79
2020-11-14,Fanta,Refrigerante,171,104.96,0.0,104.96,0.0,0.0,0.2
2022-11-12,Schweppes,Refrigerante,461,285.82,0.0,285.82,3501.85,0.0,20.49
2023-04-19,Fanta,Refrigerante,157,96.37,4.82,91.55,0.0,5.0,0.14
2019-06-03,Sprite,Refrigerante,381,231.5,0.0,231.5,2753.57,0.0,16.32
2023-04-21,Sprite,Refrigerante,525,318.99,15.95,303.04,4921.86,5.0,28.38
2021-01-15,Coca-Cola Zero,Refrigerante,395,247.35,24.74,222.61,2983.13,10.0,15.2
2024-01-13,Coca-Cola Diet,Refrigerante,201,124.62,12.46,112.16,0.0,10.0,0.0
2018-11-24,Coca-Cola Diet,Refrigerante,355,220.1,0.0,220.1,2914.11,0.0,18.34
2024-06-28,Coca-Cola Diet,Refrigerante,296,183.52,0.0,183.52,1407.3,0.0,8.13
2021-08-26,Coca-Cola Classica,Refrigerante,186,117.63,5.88,111.75,0.0,5.0,0.0
2020-10-09,Monster,Energetico,382,527.24,52.72,474.52,2096.02,10.0,10.46
2021-08-09,Coca-Cola Classica,Refrigerante,144,91.07,4.55,86.52,0.0,5.0,1.16
2025-08-25,Coca-Cola Classica,Refrigerante,182,115.1,11.51,103.59,0.0,10.0,0.0
2019-11-14,Dasani,Agua,188,63.92,0.0,63.92,1346.16,0.0,6.64
2019-06-26,Coca-Cola Diet,Refrigerante,186,115.32,11.53,103.79,0.0,10.0,2.1
2025-12-12,Coca-Cola Classica,Refrigerante,498,314.94,0.0,314.94,4234.76,0.0,21.72
2018-02-22,Minute Maid,Suco,247,177.84,0.0,177.84,889.15,0.0,3.69
2022-02-13,Monster,Energetico,339,467.89,23.39,444.5,1395.76,5.0,7.99
2024-04-01,Schweppes,Refrigerante,519,321.78,0.0,321.78,4859.82,0.0,27.31
2021-07-20,Powerade,Bebida Esportiva,501,435.17,0.0,435.17,3823.94,0.0,21.78
2024-10-26,Coca-Cola Diet,Refrigerante,488,302.56,0.0,302.56,4035.01,0.0,23.56
2021-09-14,Minute Maid,Suco,350,252.0,0.0,252.0,2353.18,0.0,13.24
2020-03-18,Dasani,Agua,282,95.88,4.79,91.09,2142.47,5.0,12.52
2025-12-13,Coca-Cola Classica,Refrigerante,243,153.67,0.0,153.67,717.89,0.0,3.56
2021-09-09,Coca-Cola Zero,Refrigerante,478,299.32,14.97,284.35,3484.48,5.0,19.26
2023-05-31,Minute Maid,Suco,152,109.44,10.94,98.5,557.62,10.0,3.23
2021-03-31,Schweppes,Refrigerante,342,212.04,0.0,212.04,2377.07,0.0,13.4
2024-09-02,Powerade,Bebida Esportiva,515,447.33,0.0,447.33,4368.95,0.0,25.19
2021-02-15,Fanta,Refrigerante,170,104.35,10.44,93.91,0.0,10.0,0.83
2020-01-18,Minute Maid,Suco,311,223.92,22.39,201.53,2734.24,10.0,15.1
2023-04-28,Fanta,Refrigerante,196,120.3,6.02,114.28,0.0,5.0,0.0
2019-02-26,Schweppes,Refrigerante,174,107.88,10.79,97.09,0.0,10.0,0.1
2019-06-07,Dasani,Agua,121,41.14,0.0,41.14,769.1,0.0,4.19
2024-06-12,Schweppes,Refrigerante,451,279.62,0.0,279.62,3946.96,0.0,22.0
2022-11-29,Schweppes,Refrigerante,188,116.56,5.83,110.73,0.0,5.0,3.31
2025-06-14,Sprite,Refrigerante,557,338.43,0.0,338.43,4750.04,0.0,25.34
2020-09-07,Dasani,Agua,194,65.96,3.3,62.66,591.35,5.0,3.89
2024-08-23,Coca-Cola Classica,Refrigerante,385,243.47,12.17,231.3,1765.98,5.0,11.32
2024-03-24,Coca-Cola Diet,Refrigerante,457,283.34,14.17,269.17,3556.57,5.0,19.71
2020-11-29,Minute Maid,Suco,387,278.64,13.93,264.71,3620.84,5.0,23.42
2020-09-05,Monster,Energetico,289,398.88,0.0,398.88,1369.35,0.0,6.96
2020-11-23,Sprite,Refrigerante,187,113.62,0.0,113.62,0.0,0.0,0.49
2022-04-10,Schweppes,Refrigerante,160,99.2,0.0,99.2,0.0,0.0,0.0
2020-07-20,Fanta,Refrigerante,170,104.35,5.22,99.13,0.0,5.0,0.0
2024-10-14,Coca-Cola Diet,Refrigerante,526,326.12,0.0,326.12,4813.69,0.0,26.85
2018-01-07,Coca-Cola Diet,Refrigerante,276,171.12,0.0,171.12,1328.51,0.0,8.58
2020-08-31,Sprite,Refrigerante,365,221.77,0.0,221.77,2106.67,0.0,12.07
2022-07-23,Powerade,Bebida Esportiva,300,260.58,0.0,260.58,1149.16,0.0,8.21
2022-03-09,Dasani,Agua,149,50.66,5.07,45.59,708.29,10.0,3.75
2024-10-14,Dasani,Agua,322,109.48,0.0,109.48,3308.05,0.0,17.7
2022-12-31,Coca-Cola Zero,Refrigerante,335,209.78,20.98,188.8,2621.83,10.0,18.48
2022-07-06,Monster,Energetico,311,429.24,0.0,429.24,1114.93,0.0,6.72
2018-05-15,Fanta,Refrigerante,475,291.56,14.58,276.98,3954.87,5.0,20.67
2018-09-15,Dasani,Agua,199,67.66,0.0,67.66,731.87,0.0,2.98
2020-11-24,Coca-Cola Classica,Refrigerante,447,282.68,0.0,282.68,3513.88,0.0,17.91
2018-02-13,Coca-Cola Diet,Refrigerante,322,199.64,19.96,179.68,1564.71,10.0,10.01
2022-08-05,Coca-Cola Diet,Refrigerante,385,238.7,23.87,214.83,2897.62,10.0,15.39
2025-10-11,Coca-Cola Classica,Refrigerante,150,94.86,9.49,85.37,0.0,10.0,0.19
2021-08-11,Monster,Energetico,549,757.73,0.0,757.73,4441.45,0.0,24.33
2022-11-26,Coca-Cola Zero,Refrigerante,243,152.17,0.0,152.17,1084.53,0.0,7.06
2023-12-01,Minute Maid,Suco,383,275.76,13.79,261.97,2529.09,5.0,12.64
2019-09-30,Fanta,Refrigerante,192,117.85,0.0,117.85,434.87,0.0,0.78
2020-03-08,Fanta,Refrigerante,475,291.56,14.58,276.98,3656.85,5.0,20.45
2022-07-29,Coca-Cola Zero,Refrigerante,432,270.52,13.53,256.99,3663.39,5.0,21.05
2019-10-06,Coca-Cola Diet,Refrigerante,327,202.74,10.14,192.6,1650.59,5.0,9.58
2023-03-17,Coca-Cola Zero,Refrigerante,549,343.78,34.38,309.4,4788.2,10.0,25.12
2024-03-26,Coca-Cola Classica,Refrigerante,209,132.17,6.61,125.56,438.26,5.0,3.43
2019-09-29,Fanta,Refrigerante,368,225.88,0.0,225.88,2517.52,0.0,12.73
2020-03-20,Fanta,Refrigerante,491,301.38,0.0,301.38,4370.9,0.0,23.26
2023-02-04,Sprite,Refrigerante,339,205.98,10.3,195.68,1969.6,5.0,9.42
2023-08-04,Dasani,Agua,308,104.72,5.24,99.48,2924.1,5.0,18.03
2024-01-15,Coca-Cola Diet,Refrigerante,320,198.4,0.0,198.4,2277.04,0.0,13.47
2018-04-04,Sprite,Refrigerante,148,89.92,0.0,89.92,0.0,0.0,0.91
2021-11-16,Schweppes,Refrigerante,184,114.08,5.7,108.38,0.0,5.0,1.87
2018-09-19,Fanta,Refrigerante,353,216.67,21.67,195.0,1774.3,10.0,13.98
2018-10-26,Sprite,Refrigerante,318,193.22,9.66,183.56,1786.05,5.0,7.26
2021-11-11,Coca-Cola Diet,Refrigerante,177,109.74,0.0,109.74,0.0,0.0,0.0
2020-09-01,Powerade,Bebida Esportiva,514,446.46,0.0,446.46,3959.73,0.0,20.85
2018-04-24,Powerade,Bebida Esportiva,276,239.73,11.99,227.74,450.2,5.0,1.2
2024-12-08,Monster,Energetico,245,338.15,0.0,338.15,0.0,0.0,0.0
2018-08-18,Schweppes,Refrigerante,415,257.3,12.86,244.44,3271.56,5.0,17.54
2018-04-11,Sprite,Refrigerante,208,126.38,6.32,120.06,0.0,5.0,0.0
2021-06-18,Powerade,Bebida Esportiva,259,224.97,0.0,224.97,509.04,0.0,3.3
2020-01-10,Minute Maid,Suco,305,219.6,0.0,219.6,1681.96,0.0,9.33
2024-08-22,Sprite,Refrigerante,443,269.17,0.0,269.17,3449.64,0.0,19.69
2024-12-11,Fanta,Refrigerante,478,293.4,29.34,264.06,4383.25,10.0,24.87
2019-05-14,Powerade,Bebida Esportiva,471,409.11,20.46,388.65,3936.17,5.0,22.55
2023-07-06,Coca-Cola Diet,Refrigerante,221,137.02,0.0,137.02,0.0,0.0,0.0
2021-12-22,Dasani,Agua,154,52.36,5.24,47.12,149.05,10.0,4.0
2025-05-21,Monster,Energetico,236,325.73,16.29,309.44,0.0,5.0,0.35
2018-03-22,Sprite,Refrigerante,397,241.22,12.06,229.16,3015.46,5.0,13.79
2020-09-07,Coca-Cola Classica,Refrigerante,514,325.05,32.51,292.54,3970.82,10.0,20.34
2023-06-02,Powerade,Bebida Esportiva,182,158.09,0.0,158.09,0.0,0.0,0.0
2024-07-02,Minute Maid,Suco,282,203.04,0.0,203.04,2186.35,0.0,12.05
2018-04-20,Coca-Cola Classica,Refrigerante,548,346.56,17.33,329.23,4694.94,5.0,25.64
2021-06-30,Sprite,Refrigerante,170,103.29,0.0,103.29,0.0,0.0,0.0
2021-06-08,Coca-Cola Classica,Refrigerante,403,254.86,12.74,242.12,2973.14,5.0,19.37
2018-11-10,Fanta,Refrigerante,505,309.97,0.0,309.97,4394.25,0.0,24.99
2018-09-10,Minute Maid,Suco,185,133.2,0.0,133.2,483.87,0.0,3.75
2023-02-23,Fanta,Refrigerante,215,131.97,0.0,131.97,0.0,0.0,0.0
2019-11-13,Dasani,Agua,102,34.68,0.0,34.68,0.0,0.0,0.0
2018-04-19,Fanta,Refrigerante,429,263.32,0.0,263.32,3099.7,0.0,17.1
2019-10-11,Monster,Energetico,189,260.86,0.0,260.86,0.0,0.0,0.26
2019-10-20,Fanta,Refrigerante,389,238.77,23.88,214.89,2796.47,10.0,12.6
2024-07-10,Schweppes,Refrigerante,451,279.62,0.0,279.62,3890.37,0.0,21.13
2023-09-25,Coca-Cola Diet,Refrigerante,237,146.94,0.0,146.94,1166.47,0.0,6.44
2019-10-11,Fanta,Refrigerante,467,286.64,0.0,286.64,4125.03,0.0,22.36
2018-10-21,Coca-Cola Diet,Refrigerante,366,226.92,0.0,226.92,2592.55,0.0,13.04
2020-02-02,Powerade,Bebida Esportiva,549,476.86,0.0,476.86,4210.04,0.0,22.35
2021-04-14,Monster,Energetico,207,285.7,14.28,271.42,0.0,5.0,0.0
2024-08-12,Fanta,Refrigerante,331,203.17,0.0,203.17,2001.12,0.0,11.14
2018-12-07,Sprite,Refrigerante,503,305.62,30.56,275.06,4462.4,10.0,25.45
2019-06-10,Coca-Cola Zero,Refrigerante,468,293.06,29.31,263.75,3949.11,10.0,23.34
2019-08-03,Monster,Energetico,561,774.29,0.0,774.29,3944.2,0.0,21.25
2022-07-20,Powerade,Bebida Esportiva,438,380.45,0.0,380.45,2854.28,0.0,15.01
2025-03-22,Coca-Cola Classica,Refrigerante,213,134.7,0.0,134.7,0.0,0.0,0.66
2022-01-19,Coca-Cola Diet,Refrigerante,217,134.54,6.73,127.81,541.3,5.0,3.89
2020-11-11,Monster,Energetico,223,307.78,0.0,307.78,0.0,0.0,0.0
2018-03-25,Coca-Cola Diet,Refrigerante,345,213.9,21.39,192.51,2273.81,10.0,13.69
2025-04-16,Fanta,Refrigerante,270,165.73,8.29,157.44,1114.65,5.0,7.6
2021-02-10,Fanta,Refrigerante,524,321.63,32.16,289.47,4533.62,10.0,26.87
2018-12-30,Powerade,Bebida Esportiva,230,199.78,9.99,189.79,622.81,5.0,6.09
2021-06-03,Monster,Energetico,589,812.94,81.29,731.65,4621.43,10.0,24.12
2020-01-31,Sprite,Refrigerante,416,252.76,0.0,252.76,3064.42,0.0,16.88
2022-08-18,Minute Maid,Suco,413,297.36,0.0,297.36,2797.18,0.0,15.4
2025-07-12,Powerade,Bebida Esportiva,287,249.29,0.0,249.29,395.05,0.0,2.03
2022-04-12,Coca-Cola Classica,Refrigerante,191,120.79,12.08,108.71,431.09,10.0,1.4
2018-10-27,Monster,Energetico,233,321.59,16.08,305.51,0.0,5.0,0.0
2020-09-21,Coca-Cola Zero,Refrigerante,381,238.58,23.86,214.72,3168.97,10.0,17.57
2025-10-06,Coca-Cola Diet,Refrigerante,457,283.34,0.0,283.34,3894.62,0.0,20.27
2025-07-30,Coca-Cola Zero,Refrigerante,357,223.55,22.36,201.19,2251.18,10.0,12.51
2018-06-27,Coca-Cola Diet,Refrigerante,438,271.56,13.58,257.98,3042.5,5.0,15.54
2022-05-30,Dasani,Agua,202,68.68,3.43,65.25,1602.6,5.0,7.16
2022-07-06,Monster,Energetico,224,309.16,30.92,278.24,0.0,10.0,0.35
2021-06-10,Dasani,Agua,50,17.0,0.0,17.0,0.0,0.0,0.23
2018-01-14,Powerade,Bebida Esportiva,380,330.07,0.0,330.07,2323.18,0.0,13.65
2020-04-23,Sprite,Refrigerante,347,210.84,10.54,200.3,2580.59,5.0,17.47
2024-01-06,Schweppes,Refrigerante,242,150.04,0.0,150.04,1003.44,0.0,5.93
2023-12-06,Coca-Cola Classica,Refrigerante,354,223.87,0.0,223.87,2608.34,0.0,15.07
2021-02-07,Fanta,Refrigerante,178,109.26,0.0,109.26,0.0,0.0,0.0
2021-06-11,Coca-Cola Zero,Refrigerante,213,133.38,0.0,133.38,1025.87,0.0,3.71
2022-11-01,Coca-Cola Zero,Refrigerante,154,96.43,9.64,86.79,136.39,10.0,3.12
2018-09-17,Powerade,Bebida Esportiva,450,390.87,19.54,371.33,2487.77,5.0,12.3
2019-05-11,Powerade,Bebida Esportiva,178,154.61,0.0,154.61,0.0,0.0,0.0
2023-04-02,Sprite,Refrigerante,243,147.65,0.0,147.65,1204.32,0.0,6.57
2023-08-08,Monster,Energetico,447,616.95,0.0,616.95,2153.94,0.0,11.71
2020-03-23,Dasani,Agua,464,157.76,7.89,149.87,3883.15,5.0,20.0
2020-10-03,Monster,Energetico,431,594.87,59.49,535.38,2933.66,10.0,15.68
2021-06-09,Coca-Cola Diet,Refrigerante,236,146.32,14.63,131.69,868.11,10.0,6.62
2019-03-15,Coca-Cola Diet,Refrigerante,189,117.18,0.0,117.18,0.0,0.0,0.0
2019-03-09,Minute Maid,Suco,295,212.4,0.0,212.4,1485.41,0.0,6.08
2022-05-22,Fanta,Refrigerante,155,95.14,4.76,90.38,0.0,5.0,1.41
2025-03-23,Monster,Energetico,534,737.03,36.85,700.18,4004.52,5.0,22.76
2024-09-18,Coca-Cola Classica,Refrigerante,306,193.51,9.68,183.83,1414.9,5.0,6.85
2024-12-18,Fanta,Refrigerante,432,265.16,13.26,251.9,3214.38,5.0,15.31
2021-02-19,Fanta,Refrigerante,428,262.71,13.14,249.57,3433.7,5.0,17.77
2022-11-24,Minute Maid,Suco,287,206.64,0.0,206.64,2001.19,0.0,10.92
2023-06-14,Sprite,Refrigerante,314,190.79,0.0,190.79,2242.11,0.0,14.08
2018-08-02,Monster,Energetico,317,437.52,0.0,437.52,1104.13,0.0,4.52
2023-08-20,Coca-Cola Classica,Refrigerante,422,266.87,0.0,266.87,3316.08,0.0,18.11
2018-12-24,Minute Maid,Suco,146,105.12,0.0,105.12,0.0,0.0,1.01
2021-02-26,Coca-Cola Diet,Refrigerante,515,319.3,15.96,303.34,4649.26,5.0,22.0
2023-12-25,Sprite,Refrigerante,192,116.66,0.0,116.66,0.0,0.0,1.55
2021-03-09,Minute Maid,Suco,349,251.28,0.0,251.28,2444.41,0.0,11.67
2024-01-22,Coca-Cola Classica,Refrigerante,300,189.72,9.49,180.23,1547.02,5.0,9.01
2021-07-11,Schweppes,Refrigerante,433,268.46,13.42,255.04,3258.61,5.0,18.29
2025-01-24,Coca-Cola Zero,Refrigerante,542,339.4,0.0,339.4,4804.72,0.0,28.05
2020-02-26,Minute Maid,Suco,282,203.04,20.3,182.74,1889.19,10.0,11.22
2018-12-05,Coca-Cola Zero,Refrigerante,202,126.49,12.65,113.84,528.38,10.0,0.0
2023-11-10,Fanta,Refrigerante,399,244.91,12.25,232.66,2808.86,5.0,14.27
2024-02-19,Dasani,Agua,179,60.86,3.04,57.82,1082.79,5.0,6.16
2023-06-10,Dasani,Agua,152,51.68,0.0,51.68,0.0,0.0,0.0
2022-01-09,Coca-Cola Diet,Refrigerante,553,342.86,34.29,308.57,4448.96,10.0,25.19
2024-09-11,Powerade,Bebida Esportiva,533,462.96,0.0,462.96,4183.73,0.0,24.19
2021-10-27,Coca-Cola Diet,Refrigerante,276,171.12,17.11,154.01,1529.97,10.0,9.33
2024-11-01,Powerade,Bebida Esportiva,417,362.21,18.11,344.1,3124.57,5.0,16.86
2020-11-30,Coca-Cola Zero,Refrigerante,361,226.06,0.0,226.06,2015.21,0.0,8.31
2023-02-26,Minute Maid,Suco,147,105.84,0.0,105.84,0.0,0.0,0.0
2025-02-07,Monster,Energetico,595,821.22,41.06,780.16,4566.72,5.0,25.74
2023-03-10,Sprite,Refrigerante,236,143.39,7.17,136.22,1332.95,5.0,5.7
2019-12-25,Monster,Energetico,620,855.72,0.0,855.72,4762.96,0.0,27.14
2020-01-12,Coca-Cola Classica,Refrigerante,473,299.13,14.96,284.17,3755.4,5.0,22.02
2023-04-15,Coca-Cola Zero,Refrigerante,471,294.94,29.49,265.45,4256.28,10.0,23.6
2020-05-01,Coca-Cola Classica,Refrigerante,346,218.81,10.94,207.87,2370.93,5.0,8.44
2023-07-24,Powerade,Bebida Esportiva,479,416.06,20.8,395.26,3496.2,5.0,17.31
2023-06-16,Coca-Cola Diet,Refrigerante,319,197.78,0.0,197.78,1834.5,0.0,12.92
2019-11-16,Fanta,Refrigerante,173,106.19,5.31,100.88,0.0,5.0,0.0
2020-02-11,Dasani,Agua,382,129.88,0.0,129.88,3794.91,0.0,17.9
2021-12-13,Minute Maid,Suco,194,139.68,13.97,125.71,805.91,10.0,6.29
2022-02-11,Powerade,Bebida Esportiva,417,362.21,0.0,362.21,2713.2,0.0,14.94
2025-03-22,Coca-Cola Classica,Refrigerante,465,294.07,14.7,279.37,3309.33,5.0,19.86
2019-06-17,Fanta,Refrigerante,273,167.57,0.0,167.57,2101.71,0.0,11.97
2018-03-31,Coca-Cola Classica,Refrigerante,445,281.42,0.0,281.42,3612.84,0.0,20.56
2020-10-19,Powerade,Bebida Esportiva,214,185.88,9.29,176.59,0.0,5.0,0.54
2023-02-02,Monster,Energetico,266,367.13,18.36,348.77,248.14,5.0,2.41
2021-07-27,Monster,Energetico,553,763.25,38.16,725.09,4299.27,5.0,27.06
2025-01-01,Coca-Cola Diet,Refrigerante,368,228.16,22.82,205.34,3086.92,10.0,18.43
2020-10-14,Coca-Cola Classica,Refrigerante,241,152.41,15.24,137.17,701.22,10.0,1.49
2019-02-12,Powerade,Bebida Esportiva,300,260.58,26.06,234.52,621.84,10.0,4.09
2023-11-04,Coca-Cola Zero,Refrigerante,142,88.92,0.0,88.92,0.0,0.0,1.71
2023-06-13,Coca-Cola Classica,Refrigerante,512,323.79,16.19,307.6,4141.66,5.0,24.58
2023-04-25,Monster,Energetico,466,643.17,64.32,578.85,3121.8,10.0,16.53
2022-10-16,Coca-Cola Zero,Refrigerante,489,306.21,0.0,306.21,4146.94,0.0,24.56
2025-05-10,Schweppes,Refrigerante,290,179.8,0.0,179.8,1818.01,0.0,11.39
2018-03-27,Coca-Cola Classica,Refrigerante,290,183.4,18.34,165.06,1573.16,10.0,12.51
2019-08-22,Powerade,Bebida Esportiva,386,335.28,16.76,318.52,1909.5,5.0,9.38
2024-06-18,Coca-Cola Classica,Refrigerante,195,123.32,6.17,117.15,0.0,5.0,0.0
2025-07-16,Coca-Cola Classica,Refrigerante,223,141.03,14.1,126.93,0.0,10.0,0.0
2020-07-15,Powerade,Bebida Esportiva,408,354.39,17.72,336.67,2254.16,5.0,11.66
2022-10-01,Dasani,Agua,126,42.84,0.0,42.84,194.11,0.0,0.0
2024-01-22,Coca-Cola Zero,Refrigerante,284,177.84,0.0,177.84,801.63,0.0,0.26
2020-11-25,Powerade,Bebida Esportiva,427,370.89,0.0,370.89,2747.6,0.0,14.46
2018-07-04,Coca-Cola Zero,Refrigerante,506,316.86,0.0,316.86,4069.59,0.0,22.94
2019-04-27,Minute Maid,Suco,475,342.0,17.1,324.9,4565.71,5.0,24.37
2019-05-05,Coca-Cola Zero,Refrigerante,416,260.5,26.05,234.45,3122.81,10.0,20.08
2019-07-28,Coca-Cola Classica,Refrigerante,163,103.08,0.0,103.08,0.0,0.0,0.02
2021-06-12,Fanta,Refrigerante,205,125.83,0.0,125.83,0.0,0.0,1.94
2021-03-17,Sprite,Refrigerante,208,126.38,12.64,113.74,761.96,10.0,4.58
2022-02-20,Coca-Cola Diet,Refrigerante,273,169.26,0.0,169.26,980.96,0.0,6.63
2024-12-13,Powerade,Bebida Esportiva,205,178.06,8.9,169.16,0.0,5.0,0.42
2021-11-24,Minute Maid,Suco,499,359.28,17.96,341.32,4401.59,5.0,26.26
2022-07-07,Schweppes,Refrigerante,325,201.5,10.07,191.43,1684.17,5.0,9.35
2018-03-03,Sprite,Refrigerante,226,137.32,0.0,137.32,0.0,0.0,0.74
2024-04-16,Monster,Energetico,258,356.09,17.8,338.29,0.0,5.0,0.55
2025-12-20,Coca-Cola Zero,Refrigerante,327,204.77,0.0,204.77,2483.32,0.0,13.23
2023-05-27,Coca-Cola Zero,Refrigerante,415,259.87,12.99,246.88,3149.31,5.0,17.93
2025-09-08,Monster,Energetico,464,640.41,0.0,640.41,3371.28,0.0,21.89
2023-08-16,Minute Maid,Suco,246,177.12,8.86,168.26,1584.12,5.0,8.31
2025-08-09,Sprite,Refrigerante,450,273.42,13.67,259.75,3098.02,5.0,17.67
2022-07-06,Coca-Cola Classica,Refrigerante,196,123.95,0.0,123.95,0.0,0.0,1.89
2025-08-12,Dasani,Agua,412,140.08,0.0,140.08,4387.06,0.0,25.84
2023-08-10,Monster,Energetico,422,582.44,0.0,582.44,2765.5,0.0,15.23
2022-08-06,Coca-Cola Classica,Refrigerante,295,186.56,0.0,186.56,1521.05,0.0,4.79
2024-02-27,Coca-Cola Zero,Refrigerante,150,93.93,0.0,93.93,0.0,0.0,0.78
2022-10-23,Coca-Cola Classica,Refrigerante,181,114.46,11.45,103.01,241.8,10.0,0.0
2025-02-24,Coca-Cola Classica,Refrigerante,223,141.03,0.0,141.03,474.59,0.0,4.82
2020-10-20,Powerade,Bebida Esportiva,572,496.84,49.68,447.16,4441.57,10.0,24.68
2023-01-18,Fanta,Refrigerante,482,295.85,29.58,266.27,3827.87,10.0,22.55
2024-10-20,Coca-Cola Classica,Refrigerante,123,77.79,0.0,77.79,0.0,0.0,0.0
2021-01-18,Powerade,Bebida Esportiva,400,347.44,17.37,330.07,2430.2,5.0,11.04
2023-07-18,Fanta,Refrigerante,182,111.71,11.17,100.54,0.0,10.0,0.39
2025-11-25,Fanta,Refrigerante,240,147.31,7.37,139.94,656.05,5.0,3.56
2020-05-31,Sprite,Refrigerante,485,294.69,0.0,294.69,3530.91,0.0,18.68
2019-06-26,Minute Maid,Suco,309,222.48,0.0,222.48,2943.82,0.0,16.32
2020-04-01,Monster,Energetico,323,445.8,0.0,445.8,1305.78,0.0,11.33
2023-04-10,Sprite,Refrigerante,299,181.67,9.08,172.59,1393.84,5.0,8.92
2018-06-11,Coca-Cola Classica,Refrigerante,140,88.54,8.85,79.69,0.0,10.0,1.57
2022-02-11,Coca-Cola Zero,Refrigerante,217,135.89,13.59,122.3,0.0,10.0,1.27
2024-02-07,Minute Maid,Suco,316,227.52,0.0,227.52,2226.58,0.0,14.47
2023-12-07,Sprite,Refrigerante,201,122.13,6.11,116.02,0.0,5.0,0.0
2022-07-01,Fanta,Refrigerante,348,213.6,0.0,213.6,2425.8,0.0,10.26
2021-07-25,Coca-Cola Classica,Refrigerante,532,336.44,33.64,302.8,4420.26,10.0,24.03
2021-11-25,Coca-Cola Classica,Refrigerante,543,343.39,0.0,343.39,4484.27,0.0,25.88
2022-03-19,Sprite,Refrigerante,308,187.14,18.71,168.43,1624.85,10.0,7.48
2023-10-10,Minute Maid,Suco,226,162.72,16.27,146.45,1070.53,10.0,5.62
2021-06-10,Sprite,Refrigerante,187,113.62,0.0,113.62,0.0,0.0,0.0
2018-10-13,Schweppes,Refrigerante,305,189.1,0.0,189.1,1950.13,0.0,12.98
2022-06-11,Monster,Energetico,365,503.77,50.38,453.39,1720.7,10.0,10.59
2019-07-07,Monster,Energetico,249,343.67,0.0,343.67,176.78,0.0,1.95
2023-06-02,Coca-Cola Zero,Refrigerante,270,169.07,8.45,160.62,1072.85,5.0,6.83
2020-01-03,Powerade,Bebida Esportiva,368,319.64,31.96,287.68,1768.82,10.0,9.67
2020-09-05,Monster,Energetico,453,625.23,31.26,593.97,3188.1,5.0,17.83
2022-03-17,Schweppes,Refrigerante,284,176.08,0.0,176.08,1421.81,0.0,6.04
2024-03-06,Minute Maid,Suco,432,311.04,0.0,311.04,3393.4,0.0,15.38
2020-07-10,Fanta,Refrigerante,161,98.82,0.0,98.82,0.0,0.0,0.23
2024-05-06,Fanta,Refrigerante,426,261.48,26.15,235.33,3549.81,10.0,20.01
2018-05-29,Sprite,Refrigerante,204,123.95,0.0,123.95,250.37,0.0,3.19
2024-03-02,Coca-Cola Zero,Refrigerante,262,164.06,0.0,164.06,817.9,0.0,6.86
2023-02-18,Coca-Cola Diet,Refrigerante,327,202.74,0.0,202.74,1957.64,0.0,13.12
2024-06-10,Coca-Cola Diet,Refrigerante,213,132.06,13.21,118.85,0.0,10.0,0.0
2025-06-02,Schweppes,Refrigerante,383,237.46,0.0,237.46,2426.17,0.0,12.82
2021-05-07,Coca-Cola Diet,Refrigerante,391,242.42,24.24,218.18,2530.06,10.0,14.64
2024-12-06,Coca-Cola Diet,Refrigerante,194,120.28,6.01,114.27,0.0,5.0,3.8
2018-12-30,Coca-Cola Diet,Refrigerante,238,147.56,14.76,132.8,0.0,10.0,2.22
2019-08-15,Monster,Energetico,276,380.94,38.09,342.85,545.54,10.0,4.68
2023-01-10,Dasani,Agua,320,108.8,10.88,97.92,3600.77,10.0,19.22
2023-06-09,Coca-Cola Classica,Refrigerante,517,326.95,32.7,294.25,3961.01,10.0,20.46
2020-12-23,Sprite,Refrigerante,490,297.72,0.0,297.72,4282.35,0.0,24.74
2020-09-15,Coca-Cola Diet,Refrigerante,183,113.46,5.67,107.79,0.0,5.0,0.0
2024-06-04,Schweppes,Refrigerante,507,314.34,15.72,298.62,3918.21,5.0,21.19
2021-02-01,Dasani,Agua,180,61.2,3.06,58.14,1605.01,5.0,8.66
2023-12-17,Minute Maid,Suco,266,191.52,19.15,172.37,2103.28,10.0,13.96
2023-07-09,Schweppes,Refrigerante,182,112.84,11.28,101.56,558.96,10.0,2.54
2025-10-16,Monster,Energetico,542,748.07,37.4,710.67,4285.24,5.0,19.91
2025-03-28,Sprite,Refrigerante,549,333.57,16.68,316.89,4771.39,5.0,27.0
2018-08-09,Coca-Cola Classica,Refrigerante,263,166.32,8.32,158.0,933.58,5.0,4.09
2018-04-26,Coca-Cola Classica,Refrigerante,224,141.66,0.0,141.66,496.27,0.0,2.79
2020-02-20,Coca-Cola Diet,Refrigerante,145,89.9,0.0,89.9,0.0,0.0,0.0
2022-04-20,Powerade,Bebida Esportiva,328,284.9,0.0,284.9,2337.92,0.0,12.45
2022-03-02,Schweppes,Refrigerante,534,331.08,0.0,331.08,4702.55,0.0,27.05
2019-03-28,Dasani,Agua,286,97.24,0.0,97.24,2640.16,0.0,12.22
2021-04-11,Sprite,Refrigerante,366,222.38,11.12,211.26,2333.37,5.0,12.06
2020-02-18,Schweppes,Refrigerante,442,274.04,0.0,274.04,3255.0,0.0,18.93
2019-10-02,Powerade,Bebida Esportiva,263,228.44,22.84,205.6,657.83,10.0,2.7
2025-08-25,Coca-Cola Diet,Refrigerante,207,128.34,6.42,121.92,104.18,5.0,0.0
2018-07-11,Dasani,Agua,462,157.08,0.0,157.08,4746.51,0.0,27.11
2025-01-03,Fanta,Refrigerante,193,118.46,0.0,118.46,0.0,0.0,1.68
2021-03-15,Monster,Energetico,222,306.4,0.0,306.4,0.0,0.0,0.0
2024-04-20,Sprite,Refrigerante,296,179.85,17.98,161.87,1608.41,10.0,5.9
2022-01-31,Schweppes,Refrigerante,538,333.56,0.0,333.56,4708.28,0.0,26.95
2022-09-11,Coca-Cola Diet,Refrigerante,201,124.62,6.23,118.39,0.0,5.0,0.0
2025-02-28,Schweppes,Refrigerante,275,170.5,17.05,153.45,1392.75,10.0,8.12
2025-04-25,Schweppes,Refrigerante,469,290.78,29.08,261.7,3674.37,10.0,18.88
2024-04-07,Minute Maid,Suco,459,330.48,0.0,330.48,4344.41,0.0,22.15
2020-10-26,Monster,Energetico,569,785.33,0.0,785.33,4422.59,0.0,23.66
2021-12-14,Powerade,Bebida Esportiva,509,442.12,0.0,442.12,3705.92,0.0,20.11
2025-03-13,Coca-Cola Diet,Refrigerante,382,236.84,0.0,236.84,3361.26,0.0,17.52
2019-05-15,Monster,Energetico,208,287.08,0.0,287.08,0.0,0.0,0.88
2024-11-04,Coca-Cola Diet,Refrigerante,283,175.46,8.77,166.69,1869.77,5.0,9.61
2024-10-20,Coca-Cola Classica,Refrigerante,154,97.39,9.74,87.65,426.7,10.0,3.82
2024-07-09,Dasani,Agua,244,82.96,4.15,78.81,2145.76,5.0,12.22
2021-08-18,Coca-Cola Diet,Refrigerante,384,238.08,11.9,226.18,2466.18,5.0,12.52
2025-08-25,Fanta,Refrigerante,333,204.4,0.0,204.4,2135.21,0.0,10.44
2022-11-11,Coca-Cola Diet,Refrigerante,185,114.7,11.47,103.23,0.0,10.0,0.0
2018-09-12,Sprite,Refrigerante,287,174.38,8.72,165.66,1059.8,5.0,6.26
2024-10-02,Dasani,Agua,304,103.36,10.34,93.02,2276.26,10.0,11.99
2022-11-08,Minute Maid,Suco,185,133.2,13.32,119.88,627.84,10.0,0.0
2023-10-05,Schweppes,Refrigerante,486,301.32,0.0,301.32,3630.64,0.0,19.16
2024-12-23,Coca-Cola Diet,Refrigerante,307,190.34,0.0,190.34,1662.38,0.0,7.79
2021-08-09,Minute Maid,Suco,200,144.0,0.0,144.0,1080.61,0.0,8.31
2023-09-06,Dasani,Agua,101,34.34,0.0,34.34,210.21,0.0,0.0
2018-09-16,Dasani,Agua,317,107.78,10.78,97.0,3384.57,10.0,16.45
2024-03-13,Minute Maid,Suco,309,222.48,0.0,222.48,2553.76,0.0,15.71
2023-11-25,Powerade,Bebida Esportiva,314,272.74,13.64,259.1,1502.02,5.0,10.3
2019-12-12,Coca-Cola Zero,Refrigerante,504,315.6,15.78,299.82,4058.11,5.0,21.2
2021-07-27,Coca-Cola Diet,Refrigerante,330,204.6,0.0,204.6,1428.56,0.0,6.91
2021-10-05,Coca-Cola Diet,Refrigerante,501,310.62,0.0,310.62,4740.77,0.0,27.0
2019-09-24,Minute Maid,Suco,173,124.56,6.23,118.33,307.34,5.0,0.0
2024-02-13,Monster,Energetico,519,716.32,35.82,680.5,4073.43,5.0,19.61
2020-10-13,Coca-Cola Zero,Refrigerante,341,213.53,0.0,213.53,1983.34,0.0,10.49
2025-09-01,Coca-Cola Diet,Refrigerante,368,228.16,0.0,228.16,2548.77,0.0,16.34
2019-04-13,Coca-Cola Diet,Refrigerante,178,110.36,5.52,104.84,583.49,5.0,2.56
2018-03-22,Schweppes,Refrigerante,203,125.86,0.0,125.86,0.0,0.0,0.15
2024-07-23,Dasani,Agua,429,145.86,14.59,131.27,4584.0,10.0,26.91
2022-04-18,Coca-Cola Diet,Refrigerante,175,108.5,0.0,108.5,115.39,0.0,3.79
2018-03-02,Monster,Energetico,213,293.98,0.0,293.98,0.0,0.0,0.0
2022-10-31,Coca-Cola Diet,Refrigerante,537,332.94,16.65,316.29,4979.34,5.0,27.36
2022-01-28,Coca-Cola Classica,Refrigerante,191,120.79,6.04,114.75,0.0,5.0,2.73
2022-02-04,Dasani,Agua,261,88.74,4.44,84.3,2212.26,5.0,9.88
2019-05-07,Schweppes,Refrigerante,188,116.56,0.0,116.56,0.0,0.0,1.54
2023-01-30,Dasani,Agua,328,111.52,11.15,100.37,2913.76,10.0,14.5
2020-12-10,Coca-Cola Classica,Refrigerante,413,261.18,13.06,248.12,2665.09,5.0,14.81
2019-11-23,Coca-Cola Classica,Refrigerante,435,275.09,13.75,261.34,3518.54,5.0,18.99
2024-07-04,Coca-Cola Zero,Refrigerante,448,280.54,0.0,280.54,4067.51,0.0,20.93
2018-03-21,Powerade,Bebida Esportiva,278,241.47,0.0,241.47,544.97,0.0,1.52
2023-05-15,Dasani,Agua,344,116.96,5.85,111.11,3359.15,5.0,18.89
2022-10-11,Coca-Cola Classica,Refrigerante,549,347.19,0.0,347.19,4551.68,0.0,26.53
2018-01-28,Sprite,Refrigerante,509,309.27,15.46,293.81,4265.03,5.0,23.26
2023-09-22,Powerade,Bebida Esportiva,523,454.28,0.0,454.28,4210.78,0.0,23.26
2022-05-30,Sprite,Refrigerante,338,205.37,20.54,184.83,1988.87,10.0,11.8
2018-05-19,Sprite,Refrigerante,440,267.34,13.37,253.97,2819.38,5.0,14.05
2021-09-29,Fanta,Refrigerante,318,195.19,19.52,175.67,1146.52,10.0,7.42
2023-01-21,Sprite,Refrigerante,536,325.67,16.28,309.39,4719.16,5.0,27.18
2023-04-11,Powerade,Bebida Esportiva,553,480.34,0.0,480.34,4515.85,0.0,28.74
2025-10-31,Minute Maid,Suco,312,224.64,22.46,202.18,1934.71,10.0,10.08
2019-09-17,Monster,Energetico,392,541.04,27.05,513.99,2311.33,5.0,12.03
2023-07-30,Coca-Cola Diet,Refrigerante,188,116.56,5.83,110.73,0.0,5.0,1.15
2020-04-28,Schweppes,Refrigerante,179,110.98,0.0,110.98,0.0,0.0,1.23
2020-08-31,Monster,Energetico,248,342.29,17.11,325.18,0.0,5.0,0.0
2025-02-23,Minute Maid,Suco,119,85.68,8.57,77.11,0.0,10.0,0.0
2021-06-06,Schweppes,Refrigerante,140,86.8,4.34,82.46,0.0,5.0,0.81
2025-07-02,Coca-Cola Classica,Refrigerante,186,117.63,0.0,117.63,775.73,0.0,3.03
2018-08-10,Coca-Cola Classica,Refrigerante,200,126.48,6.32,120.16,638.89,5.0,2.9
2022-01-13,Powerade,Bebida Esportiva,232,201.52,10.08,191.44,439.76,5.0,2.55
2022-08-18,Schweppes,Refrigerante,281,174.22,17.42,156.8,1450.78,10.0,9.47
2019-07-24,Schweppes,Refrigerante,228,141.36,0.0,141.36,0.0,0.0,0.0
2023-01-18,Coca-Cola Zero,Refrigerante,446,279.29,0.0,279.29,3183.92,0.0,14.75
2023-03-04,Coca-Cola Diet,Refrigerante,156,96.72,9.67,87.05,0.0,10.0,0.0
2024-03-11,Fanta,Refrigerante,442,271.3,13.56,257.74,3378.27,5.0,16.69
2025-11-20,Coca-Cola Classica,Refrigerante,432,273.2,13.66,259.54,3497.62,5.0,17.27
2022-02-08,Coca-Cola Diet,Refrigerante,194,120.28,6.01,114.27,279.72,5.0,1.31
2023-09-01,Sprite,Refrigerante,279,169.52,0.0,169.52,1259.36,0.0,5.14
2022-07-02,Monster,Energetico,266,367.13,18.36,348.77,144.88,5.0,0.0
2025-11-26,Powerade,Bebida Esportiva,202,175.46,0.0,175.46,0.0,0.0,0.0
2024-11-13,Minute Maid,Suco,167,120.24,0.0,120.24,0.0,0.0,0.0
2022-07-02,Coca-Cola Zero,Refrigerante,151,94.56,4.73,89.83,0.0,5.0,1.98
2024-02-07,Dasani,Agua,100,34.0,1.7,32.3,0.0,5.0,0.99
2019-01-12,Dasani,Agua,465,158.1,15.81,142.29,4003.14,10.0,22.04
2025-02-18,Sprite,Refrigerante,438,266.13,0.0,266.13,3367.22,0.0,17.83
2022-08-31,Fanta,Refrigerante,523,321.02,0.0,321.02,4092.63,0.0,21.86
2019-01-16,Monster,Energetico,443,611.43,61.14,550.29,2680.32,10.0,15.23
2023-01-09,Coca-Cola Classica,Refrigerante,468,295.96,0.0,295.96,3653.01,0.0,20.97
2023-01-06,Dasani,Agua,345,117.3,0.0,117.3,3284.81,0.0,16.71
2021-04-10,Sprite,Refrigerante,327,198.69,0.0,198.69,2014.21,0.0,11.13
2018-01-27,Powerade,Bebida Esportiva,514,446.46,22.32,424.14,4313.21,5.0,20.68
2025-08-03,Powerade,Bebida Esportiva,323,280.56,28.06,252.5,1364.91,10.0,7.82
2024-07-19,Coca-Cola Classica,Refrigerante,289,182.76,9.14,173.62,1733.04,5.0,10.67
2024-02-14,Fanta,Refrigerante,519,318.56,15.93,302.63,4291.54,5.0,23.18
2023-08-19,Fanta,Refrigerante,251,154.06,0.0,154.06,580.78,0.0,5.92
2018-04-14,Coca-Cola Zero,Refrigerante,501,313.73,0.0,313.73,4161.88,0.0,21.57
2022-05-31,Coca-Cola Diet,Refrigerante,181,112.22,5.61,106.61,114.62,5.0,0.96
2022-03-09,Coca-Cola Classica,Refrigerante,460,290.9,0.0,290.9,3579.37,0.0,19.63
2024-07-19,Powerade,Bebida Esportiva,301,261.45,0.0,261.45,1311.05,0.0,7.06
2022-08-26,Sprite,Refrigerante,445,270.38,0.0,270.38,3223.66,0.0,17.56
2024-05-01,Dasani,Agua,307,104.38,0.0,104.38,3366.4,0.0,18.68
2019-01-10,Coca-Cola Classica,Refrigerante,244,154.31,7.72,146.59,968.72,5.0,6.6
2023-07-02,Minute Maid,Suco,459,330.48,16.52,313.96,4920.38,5.0,29.13
2019-12-17,Coca-Cola Classica,Refrigerante,143,90.43,0.0,90.43,0.0,0.0,0.0
2022-07-04,Minute Maid,Suco,413,297.36,14.87,282.49,3184.08,5.0,18.74
2018-11-18,Coca-Cola Classica,Refrigerante,430,271.93,13.6,258.33,3040.58,5.0,15.67
2022-10-19,Dasani,Agua,185,62.9,3.14,59.76,1378.86,5.0,8.73
2025-09-26,Monster,Energetico,253,349.19,34.92,314.27,670.9,10.0,2.55
2020-11-16,Schweppes,Refrigerante,106,65.72,0.0,65.72,0.0,0.0,1.64
2023-07-29,Dasani,Agua,260,88.4,8.84,79.56,2317.83,10.0,16.06
2018-05-15,Sprite,Refrigerante,561,340.86,0.0,340.86,4268.36,0.0,23.29
2020-07-08,Minute Maid,Suco,346,249.12,0.0,249.12,2595.79,0.0,10.99
2021-11-05,Dasani,Agua,98,33.32,0.0,33.32,159.69,0.0,0.06
2018-04-26,Minute Maid,Suco,152,109.44,5.47,103.97,0.0,5.0,1.85
2019-12-30,Minute Maid,Suco,101,72.72,0.0,72.72,0.0,0.0,0.83
2018-08-21,Sprite,Refrigerante,173,105.11,0.0,105.11,0.0,0.0,0.37
2023-11-22,Monster,Energetico,507,699.76,34.99,664.77,3525.02,5.0,20.9
2019-11-15,Powerade,Bebida Esportiva,406,352.65,0.0,352.65,2635.7,0.0,15.22
2021-07-07,Schweppes,Refrigerante,500,310.0,0.0,310.0,4004.66,0.0,23.85
2024-09-08,Coca-Cola Diet,Refrigerante,438,271.56,0.0,271.56,3329.04,0.0,19.69
2024-03-18,Coca-Cola Classica,Refrigerante,285,180.23,0.0,180.23,1181.16,0.0,8.78
2023-10-03,Monster,Energetico,520,717.7,0.0,717.7,3958.41,0.0,22.31
2022-07-03,Sprite,Refrigerante,333,202.33,0.0,202.33,1739.3,0.0,10.92
2023-06-06,Minute Maid,Suco,431,310.32,0.0,310.32,3341.8,0.0,17.92
2023-06-07,Coca-Cola Zero,Refrigerante,458,286.8,14.34,272.46,4033.3,5.0,21.28
2018-02-24,Dasani,Agua,136,46.24,4.62,41.62,773.56,10.0,6.81
2023-03-09,Coca-Cola Classica,Refrigerante,372,235.25,11.76,223.49,2112.31,5.0,11.94
2019-10-08,Minute Maid,Suco,135,97.2,4.86,92.34,0.0,5.0,1.21
2022-08-27,Coca-Cola Zero,Refrigerante,386,241.71,24.17,217.54,2282.7,10.0,12.74
2024-11-28,Powerade,Bebida Esportiva,462,401.29,40.13,361.16,3512.42,10.0,18.44
2022-09-15,Dasani,Agua,161,54.74,2.74,52.0,331.69,5.0,1.84
2023-08-20,Coca-Cola Zero,Refrigerante,183,114.59,11.46,103.13,0.0,10.0,2.15
2020-11-05,Sprite,Refrigerante,359,218.13,21.81,196.32,2306.94,10.0,13.52
2018-01-30,Coca-Cola Classica,Refrigerante,254,160.63,8.03,152.6,470.05,5.0,0.02
2019-11-27,Dasani,Agua,125,42.5,2.12,40.38,451.85,5.0,2.16
2023-05-08,Minute Maid,Suco,401,288.72,0.0,288.72,3796.51,0.0,23.55
2021-07-11,Monster,Energetico,526,725.99,0.0,725.99,3967.88,0.0,21.5
2024-09-25,Minute Maid,Suco,204,146.88,7.34,139.54,701.0,5.0,1.15
2024-12-25,Dasani,Agua,61,20.74,1.04,19.7,0.0,5.0,2.84
2025-09-09,Sprite,Refrigerante,334,202.94,0.0,202.94,1841.49,0.0,11.15
2018-03-22,Sprite,Refrigerante,317,192.61,9.63,182.98,2007.91,5.0,10.94
2019-07-08,Coca-Cola Zero,Refrigerante,209,130.88,6.54,124.34,0.0,5.0,0.0
2021-06-14,Dasani,Agua,101,34.34,3.43,30.91,809.67,10.0,6.08
2018-06-09,Fanta,Refrigerante,512,314.27,0.0,314.27,4694.02,0.0,25.0
2024-07-31,Minute Maid,Suco,362,260.64,0.0,260.64,3518.87,0.0,21.08
2025-12-10,Powerade,Bebida Esportiva,268,232.78,11.64,221.14,1043.5,5.0,6.55
2020-05-20,Dasani,Agua,106,36.04,3.6,32.44,0.0,10.0,0.37
2024-11-02,Coca-Cola Diet,Refrigerante,464,287.68,28.77,258.91,3849.03,10.0,21.39
2020-06-07,Coca-Cola Diet,Refrigerante,370,229.4,22.94,206.46,2615.88,10.0,14.12
2025-09-04,Dasani,Agua,96,32.64,3.26,29.38,0.0,10.0,1.57
2020-07-02,Minute Maid,Suco,386,277.92,0.0,277.92,3210.71,0.0,16.36
2020-12-17,Sprite,Refrigerante,302,183.5,0.0,183.5,1961.79,0.0,8.36
2022-02-07,Powerade,Bebida Esportiva,389,337.89,0.0,337.89,2155.69,0.0,12.78
2025-11-03,Powerade,Bebida Esportiva,250,217.15,10.86,206.29,312.42,5.0,2.67
2022-10-21,Schweppes,Refrigerante,391,242.42,24.24,218.18,2678.99,10.0,15.45
2018-04-21,Minute Maid,Suco,154,110.88,0.0,110.88,0.0,0.0,0.61
2024-01-12,Schweppes,Refrigerante,401,248.62,12.43,236.19,2849.93,5.0,15.19
2021-02-11,Minute Maid,Suco,349,251.28,0.0,251.28,2113.43,0.0,12.81
2025-02-20,Sprite,Refrigerante,526,319.6,0.0,319.6,4635.91,0.0,25.43
2025-10-30,Coca-Cola Classica,Refrigerante,533,337.07,0.0,337.07,4802.8,0.0,25.68
2022-09-30,Sprite,Refrigerante,498,302.58,0.0,302.58,4496.31,0.0,24.26
2023-06-06,Powerade,Bebida Esportiva,184,159.82,15.98,143.84,0.0,10.0,3.03
2021-11-18,Sprite,Refrigerante,280,170.13,0.0,170.13,1742.07,0.0,6.98
2024-12-29,Powerade,Bebida Esportiva,332,288.38,28.84,259.54,1917.8,10.0,11.3
2019-10-02,Minute Maid,Suco,374,269.28,13.46,255.82,3142.82,5.0,14.77
2023-03-04,Coca-Cola Diet,Refrigerante,522,323.64,0.0,323.64,4442.73,0.0,24.27
2019-01-27,Sprite,Refrigerante,452,274.64,0.0,274.64,3603.58,0.0,19.17
2019-02-04,Minute Maid,Suco,238,171.36,17.14,154.22,1565.13,10.0,5.48
2023-06-04,Monster,Energetico,537,741.17,0.0,741.17,3653.8,0.0,20.68
2021-01-09,Coca-Cola Diet,Refrigerante,358,221.96,22.2,199.76,2127.17,10.0,11.13
2022-05-31,Powerade,Bebida Esportiva,268,232.78,0.0,232.78,825.76,0.0,1.39
2019-04-30,Monster,Energetico,499,688.72,34.44,654.28,3665.5,5.0,21.42
2018-06-09,Fanta,Refrigerante,567,348.02,34.8,313.22,4971.36,10.0,29.49
2022-10-11,Fanta,Refrigerante,185,113.55,0.0,113.55,0.0,0.0,2.24
2025-08-31,Monster,Energetico,559,771.53,0.0,771.53,4742.11,0.0,26.62
2018-11-07,Schweppes,Refrigerante,237,146.94,14.69,132.25,781.95,10.0,4.37
2018-08-02,Fanta,Refrigerante,525,322.24,0.0,322.24,4506.24,0.0,26.78
2019-08-31,Dasani,Agua,136,46.24,0.0,46.24,777.58,0.0,6.8
2022-01-26,Coca-Cola Diet,Refrigerante,417,258.54,0.0,258.54,3099.42,0.0,18.75
2024-08-11,Schweppes,Refrigerante,515,319.3,0.0,319.3,4947.91,0.0,25.8
2018-05-18,Coca-Cola Zero,Refrigerante,402,251.73,12.59,239.14,2508.63,5.0,14.1
2020-07-15,Powerade,Bebida Esportiva,496,430.83,21.54,409.29,3401.97,5.0,19.37
2020-06-23,Dasani,Agua,242,82.28,0.0,82.28,1973.72,0.0,8.14
2024-07-18,Monster,Energetico,467,644.55,64.46,580.09,2909.38,10.0,16.71
2019-07-20,Monster,Energetico,276,380.94,0.0,380.94,1283.17,0.0,10.47
2019-05-12,Powerade,Bebida Esportiva,438,380.45,0.0,380.45,3419.19,0.0,19.77
2018-07-27,Coca-Cola Classica,Refrigerante,173,109.41,5.47,103.94,0.0,5.0,2.21
2023-03-28,Sprite,Refrigerante,153,92.96,9.3,83.66,0.0,10.0,0.27
2024-09-23,Powerade,Bebida Esportiva,228,198.04,0.0,198.04,0.0,0.0,0.0
2024-10-16,Minute Maid,Suco,556,400.32,0.0,400.32,4876.06,0.0,27.39
2020-09-04,Monster,Energetico,323,445.8,22.29,423.51,1499.45,5.0,7.02
2018-02-05,Coca-Cola Classica,Refrigerante,350,221.34,22.13,199.21,2546.97,10.0,12.56
2023-02-20,Sprite,Refrigerante,288,174.99,0.0,174.99,1355.05,0.0,9.35
2025-07-26,Coca-Cola Classica,Refrigerante,537,339.6,0.0,339.6,4226.9,0.0,25.31
2023-03-27,Powerade,Bebida Esportiva,504,437.77,21.89,415.88,4325.79,5.0,22.31
2023-09-23,Monster,Energetico,246,339.53,0.0,339.53,0.0,0.0,1.45
2023-07-24,Powerade,Bebida Esportiva,489,424.75,0.0,424.75,3114.42,0.0,17.0
2018-01-31,Coca-Cola Zero,Refrigerante,139,87.04,0.0,87.04,0.0,0.0,0.51
2025-03-22,Schweppes,Refrigerante,512,317.44,0.0,317.44,4855.42,0.0,27.4
2021-08-02,Monster,Energetico,313,432.0,21.6,410.4,1117.7,5.0,7.64
2022-01-01,Sprite,Refrigerante,414,251.55,25.16,226.39,3300.12,10.0,18.27
2020-06-07,Coca-Cola Zero,Refrigerante,200,125.24,6.26,118.98,0.0,5.0,2.12
2025-07-05,Schweppes,Refrigerante,488,302.56,15.13,287.43,4032.65,5.0,22.64
2019-11-09,Coca-Cola Diet,Refrigerante,267,165.54,16.55,148.99,1756.96,10.0,10.6
2023-06-12,Dasani,Agua,354,120.36,0.0,120.36,3221.06,0.0,16.47
2021-09-19,Fanta,Refrigerante,406,249.2,0.0,249.2,3211.51,0.0,20.9
2018-11-23,Powerade,Bebida Esportiva,551,478.6,47.86,430.74,4118.05,10.0,23.35
2018-05-04,Schweppes,Refrigerante,164,101.68,0.0,101.68,0.0,0.0,1.07
2024-12-04,Coca-Cola Zero,Refrigerante,473,296.19,14.81,281.38,4113.24,5.0,20.21
2018-12-16,Coca-Cola Zero,Refrigerante,430,269.27,13.46,255.81,3146.43,5.0,16.07
2025-05-02,Coca-Cola Classica,Refrigerante,231,146.08,0.0,146.08,428.6,0.0,4.21
2024-02-01,Monster,Energetico,592,817.08,40.85,776.23,4539.95,5.0,25.4
2021-11-19,Schweppes,Refrigerante,259,160.58,0.0,160.58,1618.23,0.0,6.03
2024-12-10,Minute Maid,Suco,357,257.04,0.0,257.04,2716.58,0.0,16.5
2019-03-04,Powerade,Bebida Esportiva,500,434.3,21.72,412.58,4213.97,5.0,22.36
2024-09-12,Coca-Cola Diet,Refrigerante,285,176.7,0.0,176.7,1320.92,0.0,9.38
2022-01-10,Schweppes,Refrigerante,286,177.32,8.87,168.45,1893.55,5.0,10.28
2021-08-01,Fanta,Refrigerante,343,210.53,21.05,189.48,2020.84,10.0,11.42
2022-10-29,Coca-Cola Zero,Refrigerante,160,100.19,10.02,90.17,0.0,10.0,1.77
2018-04-14,Coca-Cola Diet,Refrigerante,487,301.94,0.0,301.94,4519.28,0.0,23.51
2019-10-02,Fanta,Refrigerante,548,336.36,0.0,336.36,4670.8,0.0,24.2
2024-03-06,Fanta,Refrigerante,186,114.17,0.0,114.17,0.0,0.0,0.0
2021-02-07,Dasani,Agua,85,28.9,0.0,28.9,0.0,0.0,1.24
2020-10-15,Coca-Cola Classica,Refrigerante,216,136.6,13.66,122.94,0.0,10.0,0.0
2019-06-27,Fanta,Refrigerante,409,251.04,0.0,251.04,3206.29,0.0,15.13
2018-05-10,Fanta,Refrigerante,233,143.02,0.0,143.02,699.2,0.0,5.08
2019-03-20,Schweppes,Refrigerante,546,338.52,33.85,304.67,4796.1,10.0,25.47
2025-03-19,Monster,Energetico,414,571.4,0.0,571.4,2529.99,0.0,13.33
2019-08-19,Dasani,Agua,268,91.12,0.0,91.12,2085.82,0.0,8.69
2019-08-20,Coca-Cola Zero,Refrigerante,503,314.98,0.0,314.98,4489.94,0.0,23.68
2020-03-04,Sprite,Refrigerante,212,128.81,6.44,122.37,560.32,5.0,3.07
2020-08-17,Powerade,Bebida Esportiva,364,316.17,15.81,300.36,1601.54,5.0,10.2
2024-02-15,Sprite,Refrigerante,360,218.74,0.0,218.74,2748.13,0.0,13.96
2022-09-20,Coca-Cola Zero,Refrigerante,325,203.52,20.35,183.17,2740.61,10.0,17.56
2018-12-05,Sprite,Refrigerante,310,188.36,18.84,169.52,1197.28,10.0,5.56
2019-10-07,Fanta,Refrigerante,244,149.77,14.98,134.79,0.0,10.0,0.0
2023-07-23,Fanta,Refrigerante,276,169.41,0.0,169.41,1416.8,0.0,10.1
2023-09-08,Powerade,Bebida Esportiva,176,152.87,0.0,152.87,187.99,0.0,1.35
2022-01-20,Coca-Cola Diet,Refrigerante,269,166.78,16.68,150.1,1295.32,10.0,6.3
2019-07-16,Coca-Cola Classica,Refrigerante,307,194.15,0.0,194.15,1792.7,0.0,9.63
2019-05-27,Powerade,Bebida Esportiva,314,272.74,13.64,259.1,1449.78,5.0,10.0
2021-02-26,Coca-Cola Diet,Refrigerante,152,94.24,4.71,89.53,0.0,5.0,2.2
2025-08-25,Coca-Cola Zero,Refrigerante,406,254.24,0.0,254.24,2825.58,0.0,14.32
2020-07-16,Dasani,Agua,113,38.42,1.92,36.5,0.0,5.0,0.0
2021-10-11,Minute Maid,Suco,223,160.56,16.06,144.5,1610.73,10.0,8.99
2024-07-24,Sprite,Refrigerante,464,281.93,14.1,267.83,3554.91,5.0,18.07
2018-03-14,Fanta,Refrigerante,389,238.77,0.0,238.77,2106.78,0.0,11.5
2024-04-06,Fanta,Refrigerante,477,292.78,29.28,263.5,3905.9,10.0,21.49
2019-05-02,Sprite,Refrigerante,367,222.99,11.15,211.84,2606.38,5.0,16.05
2025-06-01,Coca-Cola Diet,Refrigerante,176,109.12,5.46,103.66,0.0,5.0,1.81
2024-12-04,Minute Maid,Suco,302,217.44,21.74,195.7,1953.42,10.0,10.25
2019-07-30,Sprite,Refrigerante,222,134.89,6.74,128.15,1138.06,5.0,5.94
2025-09-29,Sprite,Refrigerante,184,111.8,0.0,111.8,0.0,0.0,1.0
2024-07-16,Minute Maid,Suco,370,266.4,0.0,266.4,3195.39,0.0,16.7
2021-08-16,Powerade,Bebida Esportiva,504,437.77,0.0,437.77,3306.66,0.0,19.07
2018-10-28,Dasani,Agua,381,129.54,6.48,123.06,3799.9,5.0,20.77
2023-08-24,Coca-Cola Diet,Refrigerante,231,143.22,7.16,136.06,117.5,5.0,0.0
2024-07-29,Coca-Cola Zero,Refrigerante,475,297.44,14.87,282.57,4300.87,5.0,22.22
2020-11-13,Schweppes,Refrigerante,549,340.38,0.0,340.38,4717.72,0.0,28.12
2022-10-17,Coca-Cola Zero,Refrigerante,420,263.0,13.15,249.85,3099.11,5.0,16.81
2021-02-14,Dasani,Agua,344,116.96,11.7,105.26,3541.25,10.0,21.94
2023-12-27,Coca-Cola Diet,Refrigerante,334,207.08,0.0,207.08,1999.93,0.0,10.23
2022-07-03,Schweppes,Refrigerante,243,150.66,7.53,143.13,437.24,5.0,2.84
2019-01-16,Powerade,Bebida Esportiva,202,175.46,8.77,166.69,0.0,5.0,3.59
2022-07-07,Dasani,Agua,163,55.42,2.77,52.65,1410.27,5.0,6.17
2024-05-22,Coca-Cola Diet,Refrigerante,509,315.58,0.0,315.58,4386.79,0.0,21.28
2018-05-25,Minute Maid,Suco,117,84.24,4.21,80.03,0.0,5.0,1.93
2023-02-07,Sprite,Refrigerante,414,251.55,25.16,226.39,3236.59,10.0,16.56
2024-11-08,Coca-Cola Diet,Refrigerante,428,265.36,13.27,252.09,3332.36,5.0,18.3
2023-02-27,Sprite,Refrigerante,254,154.33,15.43,138.9,1556.78,10.0,7.68
2020-02-26,Coca-Cola Classica,Refrigerante,184,116.36,11.64,104.72,594.21,10.0,3.67
2022-04-01,Powerade,Bebida Esportiva,222,192.83,0.0,192.83,0.0,0.0,0.0
2018-10-25,Minute Maid,Suco,153,110.16,5.51,104.65,348.61,5.0,1.65
2023-11-28,Monster,Energetico,496,684.58,34.23,650.35,4272.86,5.0,24.18
2019-05-31,Sprite,Refrigerante,303,184.1,18.41,165.69,1380.11,10.0,6.08
2019-03-24,Coca-Cola Zero,Refrigerante,278,174.08,0.0,174.08,1214.02,0.0,5.63
2019-07-31,Coca-Cola Zero,Refrigerante,411,257.37,0.0,257.37,3314.4,0.0,17.71
2024-07-30,Monster,Energetico,309,426.48,42.65,383.83,1365.1,10.0,5.36
2022-08-19,Coca-Cola Diet,Refrigerante,320,198.4,0.0,198.4,1590.12,0.0,8.11
2018-06-09,Powerade,Bebida Esportiva,409,355.26,17.76,337.5,2538.09,5.0,14.14
2018-02-05,Coca-Cola Classica,Refrigerante,466,294.7,0.0,294.7,3024.63,0.0,16.04
2021-07-24,Monster,Energetico,266,367.13,36.71,330.42,211.07,10.0,0.75
2021-02-07,Dasani,Agua,370,125.8,12.58,113.22,3475.64,10.0,19.09
2018-06-29,Schweppes,Refrigerante,176,109.12,0.0,109.12,0.0,0.0,0.0
2019-12-07,Sprite,Refrigerante,200,121.52,6.08,115.44,0.0,5.0,1.04
2024-08-16,Monster,Energetico,572,789.47,0.0,789.47,4218.58,0.0,25.36
2018-06-03,Coca-Cola Zero,Refrigerante,211,132.13,6.61,125.52,0.0,5.0,0.0
2022-11-17,Fanta,Refrigerante,506,310.58,15.53,295.05,4518.23,5.0,25.58
2019-11-03,Coca-Cola Classica,Refrigerante,452,285.84,28.58,257.26,3770.99,10.0,20.38
2025-12-13,Coca-Cola Diet,Refrigerante,406,251.72,0.0,251.72,3178.09,0.0,18.03
2020-06-24,Coca-Cola Diet,Refrigerante,200,124.0,0.0,124.0,0.0,0.0,2.35
2023-09-20,Sprite,Refrigerante,217,131.85,6.59,125.26,0.0,5.0,0.76
2025-04-19,Coca-Cola Classica,Refrigerante,414,261.81,13.09,248.72,3273.29,5.0,15.34
2022-01-03,Powerade,Bebida Esportiva,367,318.78,15.94,302.84,2241.51,5.0,13.01
2025-01-26,Coca-Cola Zero,Refrigerante,239,149.66,0.0,149.66,680.76,0.0,5.59
2019-12-05,Coca-Cola Classica,Refrigerante,256,161.89,0.0,161.89,1101.42,0.0,5.73
2023-09-05,Coca-Cola Diet,Refrigerante,311,192.82,19.28,173.54,1434.31,10.0,9.38
2020-09-27,Dasani,Agua,286,97.24,0.0,97.24,3236.45,0.0,16.77
2021-05-31,Coca-Cola Zero,Refrigerante,372,232.95,0.0,232.95,2838.09,0.0,13.38
2020-11-04,Coca-Cola Zero,Refrigerante,333,208.52,20.85,187.67,2306.46,10.0,12.9
2019-08-21,Coca-Cola Classica,Refrigerante,313,197.94,0.0,197.94,2543.36,0.0,11.35
2018-08-09,Fanta,Refrigerante,442,271.3,13.56,257.74,3811.05,5.0,20.6
2022-02-17,Powerade,Bebida Esportiva,456,396.08,0.0,396.08,3590.13,0.0,21.68
2020-11-10,Schweppes,Refrigerante,439,272.18,27.22,244.96,3519.72,10.0,16.49
2018-12-25,Fanta,Refrigerante,216,132.58,6.63,125.95,113.88,5.0,0.0
2020-03-19,Minute Maid,Suco,496,357.12,35.71,321.41,4832.53,10.0,25.03
2018-04-13,Schweppes,Refrigerante,443,274.66,0.0,274.66,3853.35,0.0,21.1
2022-05-08,Schweppes,Refrigerante,390,241.8,12.09,229.71,2824.33,5.0,14.99
2024-05-31,Sprite,Refrigerante,515,312.91,15.65,297.26,4114.89,5.0,24.73
2020-01-26,Monster,Energetico,412,568.64,0.0,568.64,2619.85,0.0,15.84
2021-09-07,Fanta,Refrigerante,378,232.02,0.0,232.02,2940.51,0.0,16.92
2021-05-13,Fanta,Refrigerante,357,219.13,0.0,219.13,2172.4,0.0,12.17
2018-09-15,Coca-Cola Classica,Refrigerante,441,278.89,27.89,251.0,3551.81,10.0,20.12
2022-07-08,Sprite,Refrigerante,196,119.09,5.95,113.14,0.0,5.0,0.0
2021-08-16,Coca-Cola Zero,Refrigerante,448,280.54,14.03,266.51,3575.59,5.0,20.95
2022-06-08,Coca-Cola Zero,Refrigerante,299,187.23,9.36,177.87,1356.81,5.0,5.79
2021-12-02,Coca-Cola Classica,Refrigerante,348,220.08,11.0,209.08,2584.81,5.0,15.47
2021-01-05,Coca-Cola Diet,Refrigerante,315,195.3,9.76,185.54,1808.38,5.0,11.73
2025-05-18,Sprite,Refrigerante,306,185.93,0.0,185.93,1747.61,0.0,9.93
2021-12-27,Monster,Energetico,210,289.84,14.49,275.35,0.0,5.0,0.0
2023-11-21,Powerade,Bebida Esportiva,445,386.53,0.0,386.53,3656.61,0.0,20.71
2024-09-02,Minute Maid,Suco,479,344.88,34.49,310.39,4294.01,10.0,19.32
2018-06-05,Sprite,Refrigerante,271,164.66,16.47,148.19,1327.26,10.0,7.75
2018-12-26,Sprite,Refrigerante,228,138.53,0.0,138.53,984.52,0.0,5.24
2021-05-14,Coca-Cola Diet,Refrigerante,178,110.36,5.52,104.84,0.0,5.0,0.0
2018-11-25,Coca-Cola Diet,Refrigerante,519,321.78,0.0,321.78,4146.21,0.0,23.86
2025-02-10,Coca-Cola Diet,Refrigerante,350,217.0,21.7,195.3,3025.62,10.0,16.53
2020-01-23,Sprite,Refrigerante,143,86.89,8.69,78.2,0.0,10.0,0.0
2019-04-26,Sprite,Refrigerante,157,95.39,9.54,85.85,0.0,10.0,0.0
2020-07-01,Powerade,Bebida Esportiva,506,439.51,0.0,439.51,3460.34,0.0,19.13
2021-09-23,Coca-Cola Diet,Refrigerante,397,246.14,0.0,246.14,2798.76,0.0,15.57
2024-07-16,Schweppes,Refrigerante,436,270.32,0.0,270.32,3155.54,0.0,17.6
2022-05-27,Dasani,Agua,433,147.22,0.0,147.22,4814.26,0.0,28.04
2021-06-24,Dasani,Agua,177,60.18,0.0,60.18,1403.95,0.0,6.09
2018-06-06,Coca-Cola Diet,Refrigerante,247,153.14,0.0,153.14,745.13,0.0,4.36
2023-02-26,Fanta,Refrigerante,358,219.74,21.97,197.77,2353.75,10.0,14.88
2021-07-25,Dasani,Agua,114,38.76,0.0,38.76,0.0,0.0,0.0
2021-04-10,Sprite,Refrigerante,372,226.03,0.0,226.03,2618.01,0.0,14.67
2019-10-20,Coca-Cola Zero,Refrigerante,382,239.21,23.92,215.29,2603.58,10.0,13.44
2025-12-01,Fanta,Refrigerante,184,112.94,5.65,107.29,0.0,5.0,0.0
2023-11-17,Coca-Cola Diet,Refrigerante,431,267.22,13.36,253.86,3088.65,5.0,15.63
2020-05-26,Schweppes,Refrigerante,413,256.06,12.8,243.26,2831.18,5.0,15.32
2022-09-13,Minute Maid,Suco,287,206.64,20.66,185.98,2497.53,10.0,16.5
2020-07-13,Schweppes,Refrigerante,408,252.96,12.65,240.31,3795.66,5.0,18.98
2025-10-05,Minute Maid,Suco,165,118.8,5.94,112.86,0.0,5.0,0.0
2021-12-21,Schweppes,Refrigerante,210,130.2,6.51,123.69,0.0,5.0,0.0
2023-03-05,Sprite,Refrigerante,336,204.15,0.0,204.15,2425.07,0.0,15.93
2023-03-26,Powerade,Bebida Esportiva,363,315.3,0.0,315.3,2659.0,0.0,13.93
2020-03-19,Minute Maid,Suco,325,234.0,11.7,222.3,2433.61,5.0,13.35
2020-08-20,Coca-Cola Zero,Refrigerante,203,127.12,0.0,127.12,0.0,0.0,0.0
2024-10-05,Coca-Cola Classica,Refrigerante,448,283.32,14.17,269.15,2971.64,5.0,14.93
2025-12-04,Sprite,Refrigerante,310,188.36,0.0,188.36,1565.63,0.0,8.26
2023-01-06,Minute Maid,Suco,415,298.8,0.0,298.8,3796.57,0.0,24.57
2020-08-09,Coca-Cola Zero,Refrigerante,189,118.35,0.0,118.35,421.97,0.0,4.41
2024-12-26,Schweppes,Refrigerante,465,288.3,28.83,259.47,3799.49,10.0,19.62
2018-01-24,Coca-Cola Classica,Refrigerante,517,326.95,0.0,326.95,4591.48,0.0,26.22
2022-04-08,Schweppes,Refrigerante,417,258.54,12.93,245.61,3498.24,5.0,17.99
2019-07-03,Coca-Cola Zero,Refrigerante,494,309.34,30.93,278.41,3505.97,10.0,16.62
2020-10-18,Dasani,Agua,383,130.22,0.0,130.22,3175.0,0.0,18.99
2023-09-28,Powerade,Bebida Esportiva,324,281.43,14.07,267.36,1147.59,5.0,8.05
2022-08-15,Powerade,Bebida Esportiva,187,162.43,0.0,162.43,0.0,0.0,1.57
2019-12-17,Coca-Cola Diet,Refrigerante,477,295.74,0.0,295.74,3679.27,0.0,19.53
2025-04-24,Coca-Cola Zero,Refrigerante,494,309.34,15.47,293.87,3979.08,5.0,21.63
2024-04-25,Monster,Energetico,251,346.43,34.64,311.79,0.0,10.0,1.12
2021-10-21,Sprite,Refrigerante,522,317.17,0.0,317.17,4139.28,0.0,23.35
2025-10-23,Schweppes,Refrigerante,196,121.52,6.08,115.44,0.0,5.0,0.0
2023-06-18,Monster,Energetico,513,708.04,0.0,708.04,3392.82,0.0,16.23
2022-02-08,Coca-Cola Classica,Refrigerante,535,338.33,16.92,321.41,4524.43,5.0,25.06
2020-12-13,Coca-Cola Zero,Refrigerante,189,118.35,5.92,112.43,0.0,5.0,1.62
2019-06-09,Monster,Energetico,311,429.24,21.46,407.78,1539.89,5.0,6.67
2024-04-01,Coca-Cola Diet,Refrigerante,489,303.18,15.16,288.02,4086.69,5.0,23.43
2018-02-16,Schweppes,Refrigerante,176,109.12,0.0,109.12,129.15,0.0,1.21
2021-03-19,Coca-Cola Diet,Refrigerante,148,91.76,4.59,87.17,0.0,5.0,1.13
2020-04-29,Dasani,Agua,142,48.28,2.41,45.87,0.0,5.0,1.31
2019-04-05,Powerade,Bebida Esportiva,466,404.77,20.24,384.53,2839.05,5.0,14.57
2022-07-02,Minute Maid,Suco,368,264.96,0.0,264.96,2589.72,0.0,11.82
2023-01-16,Fanta,Refrigerante,216,132.58,0.0,132.58,398.57,0.0,1.39
2023-03-07,Dasani,Agua,424,144.16,0.0,144.16,3869.61,0.0,22.62
2021-03-05,Coca-Cola Classica,Refrigerante,343,216.91,0.0,216.91,2165.39,0.0,11.1
2021-06-06,Fanta,Refrigerante,277,170.02,0.0,170.02,1223.73,0.0,5.69
2025-04-18,Monster,Energetico,373,514.81,0.0,514.81,2142.35,0.0,9.05
2022-04-06,Schweppes,Refrigerante,209,129.58,6.48,123.1,254.96,5.0,4.03
2020-12-20,Coca-Cola Classica,Refrigerante,505,319.36,0.0,319.36,4307.69,0.0,24.93
2021-10-01,Fanta,Refrigerante,175,107.42,10.74,96.68,361.44,10.0,3.14
2021-07-09,Powerade,Bebida Esportiva,310,269.27,13.46,255.81,1347.4,5.0,8.86
2023-11-16,Dasani,Agua,98,33.32,1.67,31.65,0.0,5.0,0.87
2022-01-19,Coca-Cola Classica,Refrigerante,484,306.08,15.3,290.78,3456.82,5.0,18.65
2023-08-14,Coca-Cola Zero,Refrigerante,549,343.78,17.19,326.59,4620.64,5.0,25.17
2025-10-15,Schweppes,Refrigerante,415,257.3,12.86,244.44,3134.0,5.0,16.6
2022-10-10,Dasani,Agua,389,132.26,13.23,119.03,3774.29,10.0,24.71
2022-07-13,Sprite,Refrigerante,317,192.61,9.63,182.98,1806.16,5.0,10.77
2019-10-25,Coca-Cola Classica,Refrigerante,175,110.67,5.53,105.14,0.0,5.0,0.0
2020-02-24,Sprite,Refrigerante,203,123.34,6.17,117.17,673.98,5.0,4.41
2019-08-22,Schweppes,Refrigerante,466,288.92,14.45,274.47,3861.31,5.0,19.72
2018-09-08,Dasani,Agua,388,131.92,0.0,131.92,4091.25,0.0,24.76
2018-10-18,Dasani,Agua,198,67.32,3.37,63.95,1729.01,5.0,8.52
2023-01-19,Dasani,Agua,280,95.2,4.76,90.44,2231.07,5.0,13.02
2018-10-18,Schweppes,Refrigerante,338,209.56,20.96,188.6,1969.94,10.0,12.43
2023-05-01,Minute Maid,Suco,438,315.36,15.77,299.59,4575.33,5.0,25.74
2020-03-02,Coca-Cola Zero,Refrigerante,192,120.23,6.01,114.22,203.04,5.0,1.26
2025-02-11,Minute Maid,Suco,500,360.0,36.0,324.0,4466.02,10.0,24.58
2020-12-11,Coca-Cola Diet,Refrigerante,206,127.72,6.39,121.33,0.0,5.0,0.0
2024-09-11,Sprite,Refrigerante,352,213.88,0.0,213.88,1953.35,0.0,9.88
2019-10-11,Powerade,Bebida Esportiva,566,491.63,0.0,491.63,4731.83,0.0,25.35
2018-07-27,Monster,Energetico,563,777.05,0.0,777.05,4581.72,0.0,27.42
2018-10-13,Powerade,Bebida Esportiva,440,382.18,0.0,382.18,3421.97,0.0,18.66
2024-04-15,Powerade,Bebida Esportiva,527,457.75,0.0,457.75,4107.01,0.0,21.41
2022-05-11,Coca-Cola Classica,Refrigerante,189,119.52,5.98,113.54,0.0,5.0,0.0
2018-01-13,Monster,Energetico,300,414.06,20.7,393.36,366.0,5.0,3.66
2018-02-09,Monster,Energetico,384,530.0,0.0,530.0,1558.27,0.0,9.58
2020-03-09,Fanta,Refrigerante,212,130.13,6.51,123.62,467.4,5.0,3.41
2025-08-14,Coca-Cola Zero,Refrigerante,284,177.84,0.0,177.84,1803.14,0.0,9.53
2025-03-28,Schweppes,Refrigerante,384,238.08,23.81,214.27,2831.2,10.0,16.43
2024-09-09,Minute Maid,Suco,274,197.28,0.0,197.28,1715.19,0.0,8.47
2018-11-27,Coca-Cola Diet,Refrigerante,497,308.14,15.41,292.73,4289.63,5.0,23.2
2022-01-10,Minute Maid,Suco,465,334.8,0.0,334.8,4519.41,0.0,26.31
2022-03-29,Minute Maid,Suco,342,246.24,12.31,233.93,2607.09,5.0,15.65
2020-09-27,Monster,Energetico,401,553.46,0.0,553.46,2318.56,0.0,11.28
2020-10-15,Sprite,Refrigerante,164,99.65,4.98,94.67,0.0,5.0,0.0
2021-02-28,Dasani,Agua,129,43.86,0.0,43.86,281.98,0.0,1.71
2023-10-17,Sprite,Refrigerante,471,286.18,28.62,257.56,4018.02,10.0,24.69
2023-02-26,Sprite,Refrigerante,344,209.01,10.45,198.56,2107.51,5.0,8.72
2023-08-20,Coca-Cola Diet,Refrigerante,187,115.94,5.8,110.14,0.0,5.0,0.42
2023-09-28,Minute Maid,Suco,400,288.0,28.8,259.2,3847.19,10.0,19.1
2021-04-20,Powerade,Bebida Esportiva,570,495.1,49.51,445.59,4960.2,10.0,26.33
2023-12-19,Minute Maid,Suco,501,360.72,0.0,360.72,4339.71,0.0,23.32
2024-02-23,Fanta,Refrigerante,404,247.98,0.0,247.98,3371.63,0.0,17.91
2021-05-16,Coca-Cola Zero,Refrigerante,208,130.25,0.0,130.25,1084.56,0.0,5.16
2024-03-13,Sprite,Refrigerante,166,100.86,0.0,100.86,437.13,0.0,2.42
2021-11-11,Sprite,Refrigerante,191,116.05,5.8,110.25,137.42,5.0,0.0
2018-03-11,Schweppes,Refrigerante,243,150.66,15.07,135.59,826.42,10.0,2.35
2018-11-15,Schweppes,Refrigerante,331,205.22,20.52,184.7,2055.36,10.0,12.47
2024-11-16,Minute Maid,Suco,360,259.2,12.96,246.24,2529.44,5.0,15.04
2022-08-09,Dasani,Agua,165,56.1,2.8,53.3,1758.61,5.0,10.94
2024-10-03,Dasani,Agua,394,133.96,13.4,120.56,3783.72,10.0,18.5
2019-12-21,Powerade,Bebida Esportiva,391,339.62,33.96,305.66,1892.03,10.0,10.85
2021-06-26,Monster,Energetico,212,292.6,0.0,292.6,0.0,0.0,1.01
2020-10-08,Coca-Cola Zero,Refrigerante,402,251.73,12.59,239.14,3092.59,5.0,15.46
2019-11-29,Minute Maid,Suco,458,329.76,32.98,296.78,4484.45,10.0,24.68
2023-11-25,Fanta,Refrigerante,370,227.11,0.0,227.11,2827.35,0.0,15.38
2020-03-14,Powerade,Bebida Esportiva,202,175.46,0.0,175.46,0.0,0.0,2.76
2021-12-13,Minute Maid,Suco,236,169.92,16.99,152.93,809.57,10.0,7.34
2020-09-02,Coca-Cola Diet,Refrigerante,226,140.12,14.01,126.11,0.0,10.0,0.0
2025-09-25,Minute Maid,Suco,476,342.72,34.27,308.45,4594.3,10.0,29.01
2019-06-20,Minute Maid,Suco,213,153.36,7.67,145.69,336.11,5.0,0.48
2020-01-18,Fanta,Refrigerante,549,336.98,0.0,336.98,4906.64,0.0,28.46
2022-08-05,Coca-Cola Zero,Refrigerante,360,225.43,0.0,225.43,1814.04,0.0,11.43
2020-05-14,Monster,Energetico,570,786.71,39.34,747.37,4432.35,5.0,22.88
2024-08-23,Dasani,Agua,457,155.38,7.77,147.61,4714.45,5.0,26.67
2018-04-13,Coca-Cola Diet,Refrigerante,262,162.44,8.12,154.32,977.55,5.0,5.22
2024-01-06,Sprite,Refrigerante,259,157.37,7.87,149.5,0.0,5.0,0.83
2024-05-16,Powerade,Bebida Esportiva,371,322.25,0.0,322.25,1857.94,0.0,10.56
2025-03-24,Powerade,Bebida Esportiva,357,310.09,15.5,294.59,2194.64,5.0,13.87
2022-03-30,Powerade,Bebida Esportiva,425,369.16,0.0,369.16,2549.87,0.0,14.14
2020-02-20,Monster,Energetico,349,481.69,0.0,481.69,1575.42,0.0,8.41
2020-12-19,Monster,Energetico,288,397.5,0.0,397.5,798.54,0.0,6.04
2019-04-29,Fanta,Refrigerante,301,184.75,0.0,184.75,1315.0,0.0,8.1
2024-06-26,Sprite,Refrigerante,448,272.2,27.22,244.98,3557.2,10.0,20.66
2025-05-14,Sprite,Refrigerante,361,219.34,0.0,219.34,2314.38,0.0,11.73
2020-12-24,Dasani,Agua,143,48.62,0.0,48.62,562.04,0.0,1.52
2021-03-24,Fanta,Refrigerante,326,200.1,10.01,190.09,1837.93,5.0,9.26
2023-10-21,Dasani,Agua,111,37.74,1.89,35.85,0.0,5.0,0.0
2025-07-14,Monster,Energetico,271,374.03,0.0,374.03,1054.28,0.0,6.98
2019-08-30,Fanta,Refrigerante,451,276.82,0.0,276.82,3396.36,0.0,20.14
2023-04-10,Coca-Cola Diet,Refrigerante,365,226.3,0.0,226.3,2792.75,0.0,15.13
2022-09-22,Dasani,Agua,345,117.3,5.86,111.44,3744.21,5.0,22.74
2023-10-20,Powerade,Bebida Esportiva,356,309.22,0.0,309.22,1960.69,0.0,12.84
2019-11-02,Coca-Cola Classica,Refrigerante,413,261.18,0.0,261.18,3072.36,0.0,17.26
2024-07-06,Coca-Cola Classica,Refrigerante,163,103.08,0.0,103.08,0.0,0.0,0.0
2021-08-22,Monster,Energetico,465,641.79,32.09,609.7,2726.13,5.0,17.36
2019-07-31,Coca-Cola Classica,Refrigerante,427,270.03,0.0,270.03,3739.69,0.0,20.48
2025-09-25,Coca-Cola Zero,Refrigerante,215,134.63,13.46,121.17,607.39,10.0,3.53
2021-08-12,Monster,Energetico,290,400.26,0.0,400.26,857.34,0.0,4.21
2022-08-16,Sprite,Refrigerante,179,108.76,5.44,103.32,0.0,5.0,0.0
2022-04-16,Sprite,Refrigerante,268,162.84,0.0,162.84,1074.31,0.0,3.71
2020-03-24,Powerade,Bebida Esportiva,386,335.28,0.0,335.28,2687.12,0.0,15.73
2022-07-03,Fanta,Refrigerante,339,208.08,0.0,208.08,1882.68,0.0,9.18
2020-11-26,Schweppes,Refrigerante,236,146.32,14.63,131.69,726.36,10.0,8.58
2021-10-01,Minute Maid,Suco,354,254.88,25.49,229.39,3484.65,10.0,17.54
2024-12-18,Dasani,Agua,51,17.34,0.0,17.34,0.0,0.0,0.0
2018-02-17,Coca-Cola Diet,Refrigerante,296,183.52,0.0,183.52,1550.92,0.0,9.3
2025-05-28,Fanta,Refrigerante,319,195.8,19.58,176.22,1929.38,10.0,12.91
2024-05-01,Minute Maid,Suco,205,147.6,7.38,140.22,905.75,5.0,5.08
2021-03-21,Monster,Energetico,376,518.96,0.0,518.96,1822.79,0.0,10.88
2020-02-27,Fanta,Refrigerante,186,114.17,0.0,114.17,0.0,0.0,0.0
2019-07-22,Fanta,Refrigerante,492,301.99,15.1,286.89,3845.71,5.0,20.14
2018-07-21,Monster,Energetico,324,447.18,22.36,424.82,1494.61,5.0,6.61
2025-04-30,Dasani,Agua,71,24.14,1.21,22.93,0.0,5.0,0.0
2023-08-29,Coca-Cola Zero,Refrigerante,457,286.17,28.62,257.55,4054.61,10.0,22.48
2024-11-27,Schweppes,Refrigerante,187,115.94,5.8,110.14,0.0,5.0,0.0
2019-11-27,Coca-Cola Classica,Refrigerante,211,133.44,0.0,133.44,0.0,0.0,0.0
2023-12-08,Fanta,Refrigerante,287,176.16,8.81,167.35,1568.36,5.0,7.82
2022-03-11,Dasani,Agua,386,131.24,0.0,131.24,4648.13,0.0,24.32
2023-09-25,Fanta,Refrigerante,341,209.31,0.0,209.31,2719.64,0.0,15.55
2025-06-13,Fanta,Refrigerante,454,278.67,0.0,278.67,3931.01,0.0,22.08
2025-02-03,Dasani,Agua,245,83.3,0.0,83.3,2119.25,0.0,13.0
2024-06-20,Coca-Cola Diet,Refrigerante,213,132.06,6.6,125.46,580.47,5.0,4.32
2023-10-21,Coca-Cola Classica,Refrigerante,524,331.38,0.0,331.38,4576.85,0.0,26.88
2023-04-17,Fanta,Refrigerante,346,212.37,0.0,212.37,2317.29,0.0,12.74
2025-09-02,Coca-Cola Zero,Refrigerante,529,331.26,16.56,314.7,4298.37,5.0,24.1
2025-02-09,Sprite,Refrigerante,517,314.13,15.71,298.42,4717.46,5.0,26.71
2021-05-07,Schweppes,Refrigerante,489,303.18,15.16,288.02,4410.29,5.0,24.47
2023-02-03,Monster,Energetico,567,782.57,78.26,704.31,4195.68,10.0,22.48
2022-04-06,Fanta,Refrigerante,142,87.16,4.36,82.8,0.0,5.0,0.0
2020-01-23,Coca-Cola Classica,Refrigerante,397,251.06,0.0,251.06,2766.78,0.0,13.99
2024-12-05,Minute Maid,Suco,143,102.96,5.15,97.81,0.0,5.0,0.63
2020-07-24,Powerade,Bebida Esportiva,391,339.62,16.98,322.64,2457.71,5.0,13.38
2020-05-10,Schweppes,Refrigerante,251,155.62,0.0,155.62,412.71,0.0,1.28
2021-08-17,Coca-Cola Classica,Refrigerante,205,129.64,0.0,129.64,536.18,0.0,1.96
2018-06-09,Dasani,Agua,469,159.46,0.0,159.46,4232.19,0.0,21.46
2025-12-08,Fanta,Refrigerante,210,128.9,6.44,122.46,479.31,5.0,4.1
2020-07-27,Powerade,Bebida Esportiva,233,202.38,0.0,202.38,729.62,0.0,4.13
2023-07-06,Coca-Cola Diet,Refrigerante,288,178.56,0.0,178.56,1423.03,0.0,6.53
2021-07-17,Schweppes,Refrigerante,368,228.16,22.82,205.34,2870.54,10.0,17.0
2020-04-27,Dasani,Agua,442,150.28,15.03,135.25,4807.98,10.0,25.6
2020-01-06,Schweppes,Refrigerante,410,254.2,0.0,254.2,2934.09,0.0,14.03
2018-02-26,Sprite,Refrigerante,545,331.14,33.11,298.03,4685.27,10.0,27.3
2021-05-27,Coca-Cola Diet,Refrigerante,164,101.68,0.0,101.68,0.0,0.0,0.0
2023-01-02,Fanta,Refrigerante,291,178.62,17.86,160.76,1151.76,10.0,5.72
2021-01-02,Coca-Cola Zero,Refrigerante,209,130.88,13.09,117.79,0.0,10.0,0.06
2019-08-19,Schweppes,Refrigerante,265,164.3,0.0,164.3,660.68,0.0,5.35
2020-08-04,Monster,Energetico,444,612.81,30.64,582.17,2548.95,5.0,14.05
2025-02-19,Monster,Energetico,274,378.17,37.82,340.35,0.0,10.0,0.0
2024-11-13,Fanta,Refrigerante,163,100.05,10.01,90.04,398.44,10.0,3.01
2022-10-08,Minute Maid,Suco,276,198.72,19.87,178.85,1923.29,10.0,9.85
2021-05-04,Monster,Energetico,218,300.88,15.04,285.84,0.0,5.0,2.83
2022-01-01,Sprite,Refrigerante,245,148.86,0.0,148.86,821.45,0.0,4.52
2022-10-31,Coca-Cola Diet,Refrigerante,166,102.92,10.29,92.63,0.0,10.0,0.0
2025-04-13,Monster,Energetico,450,621.09,31.05,590.04,2859.39,5.0,16.26
2024-09-28,Dasani,Agua,270,91.8,4.59,87.21,1638.45,5.0,11.93
2024-08-12,Sprite,Refrigerante,176,106.94,0.0,106.94,0.0,0.0,2.36
2020-05-31,Coca-Cola Classica,Refrigerante,401,253.59,12.68,240.91,2815.24,5.0,18.23
2025-10-03,Dasani,Agua,434,147.56,0.0,147.56,4526.3,0.0,23.37
2022-01-09,Sprite,Refrigerante,441,267.95,13.4,254.55,3458.89,5.0,20.39
2021-09-18,Coca-Cola Diet,Refrigerante,224,138.88,0.0,138.88,582.98,0.0,2.12
2022-10-31,Sprite,Refrigerante,191,116.05,5.8,110.25,0.0,5.0,0.34
2021-10-12,Powerade,Bebida Esportiva,593,515.08,51.51,463.57,4713.19,10.0,24.01
2019-11-25,Powerade,Bebida Esportiva,251,218.02,10.9,207.12,0.0,5.0,0.0
2022-04-13,Fanta,Refrigerante,188,115.39,5.77,109.62,0.0,5.0,0.0
2023-06-24,Schweppes,Refrigerante,195,120.9,0.0,120.9,0.0,0.0,1.35
2025-01-17,Dasani,Agua,160,54.4,5.44,48.96,1187.82,10.0,7.73
2020-03-25,Monster,Energetico,238,328.49,16.42,312.07,0.0,5.0,0.42
2020-12-12,Schweppes,Refrigerante,337,208.94,0.0,208.94,1782.96,0.0,7.78
2023-07-01,Schweppes,Refrigerante,202,125.24,0.0,125.24,0.0,0.0,0.0
2020-02-12,Coca-Cola Diet,Refrigerante,185,114.7,0.0,114.7,0.0,0.0,0.0
2023-04-06,Powerade,Bebida Esportiva,497,431.69,21.58,410.11,3526.86,5.0,20.7
2023-11-29,Minute Maid,Suco,431,310.32,31.03,279.29,3718.36,10.0,22.22
2023-05-08,Coca-Cola Classica,Refrigerante,399,252.33,12.62,239.71,2517.86,5.0,15.43
2025-10-20,Dasani,Agua,155,52.7,0.0,52.7,642.35,0.0,2.4
2025-05-02,Monster,Energetico,423,583.82,58.38,525.44,2559.95,10.0,9.97
2018-08-14,Sprite,Refrigerante,415,252.15,0.0,252.15,3027.19,0.0,14.0
2023-05-18,Coca-Cola Zero,Refrigerante,107,67.0,6.7,60.3,0.0,10.0,2.13
2024-08-12,Sprite,Refrigerante,555,337.22,0.0,337.22,4873.63,0.0,26.2
2022-12-02,Fanta,Refrigerante,192,117.85,5.89,111.96,1371.72,5.0,6.42
2018-10-07,Coca-Cola Zero,Refrigerante,382,239.21,23.92,215.29,3271.65,10.0,20.46
2020-12-22,Monster,Energetico,303,418.2,0.0,418.2,693.18,0.0,5.71
2022-06-07,Schweppes,Refrigerante,507,314.34,15.72,298.62,4196.48,5.0,23.12
2020-01-06,Fanta,Refrigerante,320,196.42,19.64,176.78,2253.99,10.0,11.96
2020-12-15,Schweppes,Refrigerante,373,231.26,0.0,231.26,2812.88,0.0,15.27
2025-11-27,Powerade,Bebida Esportiva,471,409.11,0.0,409.11,3019.05,0.0,16.95
2020-11-18,Coca-Cola Zero,Refrigerante,168,105.2,5.26,99.94,0.0,5.0,2.4
2025-03-14,Sprite,Refrigerante,373,226.63,0.0,226.63,1822.84,0.0,10.66
2022-03-12,Powerade,Bebida Esportiva,365,317.04,0.0,317.04,2062.33,0.0,12.43
2024-12-27,Coca-Cola Zero,Refrigerante,242,151.54,7.58,143.96,694.9,5.0,5.58
2023-02-21,Coca-Cola Diet,Refrigerante,324,200.88,10.04,190.84,1385.57,5.0,5.87
2023-09-22,Coca-Cola Zero,Refrigerante,298,186.61,0.0,186.61,1526.49,0.0,9.53
2025-03-19,Minute Maid,Suco,353,254.16,0.0,254.16,3177.05,0.0,17.03
2021-10-26,Schweppes,Refrigerante,192,119.04,11.9,107.14,190.27,10.0,0.0
2024-05-01,Dasani,Agua,413,140.42,7.02,133.4,4191.0,5.0,19.86
2024-10-04,Schweppes,Refrigerante,510,316.2,31.62,284.58,4852.18,10.0,25.16
2020-11-21,Coca-Cola Classica,Refrigerante,217,137.23,0.0,137.23,578.81,0.0,3.98
2020-03-26,Minute Maid,Suco,398,286.56,28.66,257.9,3689.64,10.0,20.46
2020-09-14,Coca-Cola Zero,Refrigerante,388,242.97,12.15,230.82,2461.19,5.0,13.81
2024-11-16,Dasani,Agua,419,142.46,0.0,142.46,4238.99,0.0,26.24
2024-01-26,Schweppes,Refrigerante,426,264.12,26.41,237.71,3377.42,10.0,16.67
2021-09-05,Monster,Energetico,575,793.62,39.68,753.94,4502.22,5.0,24.72
2023-04-16,Minute Maid,Suco,183,131.76,0.0,131.76,494.43,0.0,3.18
2021-04-12,Minute Maid,Suco,530,381.6,0.0,381.6,4996.34,0.0,26.38
2024-05-01,Coca-Cola Zero,Refrigerante,178,111.46,5.57,105.89,309.37,5.0,1.74
2023-12-30,Coca-Cola Classica,Refrigerante,252,159.36,0.0,159.36,1307.71,0.0,4.79
2018-03-23,Powerade,Bebida Esportiva,238,206.73,0.0,206.73,0.0,0.0,2.11
2018-04-29,Coca-Cola Zero,Refrigerante,170,106.45,0.0,106.45,0.0,0.0,0.0
2023-05-20,Fanta,Refrigerante,171,104.96,0.0,104.96,350.94,0.0,4.98
2018-08-16,Coca-Cola Classica,Refrigerante,374,236.52,0.0,236.52,2443.43,0.0,13.39
2021-08-02,Powerade,Bebida Esportiva,293,254.5,12.72,241.78,954.46,5.0,6.79
2021-09-08,Monster,Energetico,221,305.02,0.0,305.02,259.32,0.0,1.35
2020-12-12,Coca-Cola Zero,Refrigerante,423,264.88,0.0,264.88,3168.83,0.0,17.38
2023-04-13,Coca-Cola Diet,Refrigerante,198,122.76,6.14,116.62,0.0,5.0,0.0
2023-11-27,Coca-Cola Diet,Refrigerante,240,148.8,0.0,148.8,668.62,0.0,3.86
2019-12-26,Minute Maid,Suco,403,290.16,14.51,275.65,3292.87,5.0,18.59
2020-11-11,Dasani,Agua,124,42.16,0.0,42.16,792.89,0.0,3.18
2021-06-02,Coca-Cola Classica,Refrigerante,254,160.63,0.0,160.63,873.32,0.0,4.62
2023-09-04,Minute Maid,Suco,436,313.92,0.0,313.92,4053.91,0.0,21.38
2022-10-20,Sprite,Refrigerante,168,102.08,5.1,96.98,0.0,5.0,3.45
2019-12-15,Coca-Cola Classica,Refrigerante,493,311.77,0.0,311.77,3886.87,0.0,21.24
2022-02-26,Coca-Cola Classica,Refrigerante,586,370.59,37.06,333.53,4925.84,10.0,29.41
2019-08-01,Schweppes,Refrigerante,550,341.0,0.0,341.0,4328.95,0.0,23.52
2023-12-31,Dasani,Agua,133,45.22,2.26,42.96,0.0,5.0,0.39
2023-06-11,Coca-Cola Diet,Refrigerante,353,218.86,10.94,207.92,2338.24,5.0,10.88
2020-06-07,Monster,Energetico,467,644.55,0.0,644.55,2912.79,0.0,15.35
2020-05-25,Sprite,Refrigerante,276,167.7,8.38,159.32,1019.95,5.0,5.93
2023-07-22,Schweppes,Refrigerante,295,182.9,0.0,182.9,1491.62,0.0,10.58
2020-10-30,Monster,Energetico,521,719.08,0.0,719.08,3703.27,0.0,20.7
2024-02-21,Sprite,Refrigerante,201,122.13,0.0,122.13,0.0,0.0,2.08
